,image,label
0,[180 180 180 ... 112  77  47],0
1,[177 177 177 ... 134 130 131],0
2,[179 178 176 ... 155 151 152],0
3,[183 183 183 ... 147 145 146],0
4,[183 183 183 ... 184 182 183],0
5,[129 129 131 ... 171 170 176],0
6,[169 168 173 ... 140 141 145],0
7,[170 171 165 ... 140 139 145],0
8,[172 173 175 ... 159 157 158],0
9,[177 178 164 ... 138 134 135],0
10,[192 190 191 ... 176 176 184],0
11,[171 171 163 ... 143 142 148],0
12,[187 188 190 ... 163 162 167],0
13,[137 133 130 ... 169 168 173],0
14,[177 178 180 ... 155 153 158],0
15,[174 175 180 ... 142 138 129],0
16,[179 180 184 ... 161 158 165],0
17,[166 167 169 ... 139 136 131],0
18,[180 181 185 ... 154 155 160],0
19,[150 149 154 ... 157 156 162],0
20,[170 168 169 ... 164 167 174],0
21,[121 119 124 ... 115 114 110],0
22,[141 137 136 ... 108 107 103],0
23,[144 144 146 ... 105 101  98],0
24,[134 133 131 ... 109 108 106],0
25,[140 140 142 ...  16  16  14],0
26,[132 132 134 ... 113 109 106],0
27,[130 130 132 ... 101 100  98],0
28,[132 128 119 ... 114 112 113],0
29,[140 135 129 ... 113 109 106],0
30,[123 123 125 ... 125 121 118],0
31,[131 129 130 ... 114 109 105],0
32,[138 134 131 ... 120 116 113],0
33,[112 110 111 ... 126 125 121],0
34,[155 153 154 ...  99  95  92],0
35,[136 133 126 ... 113 109 106],0
36,[134 134 136 ... 111 107 104],0
37,[142 142 144 ...  97  96  94],0
38,[134 130 129 ... 112 111 109],0
39,[128 126 127 ... 114 110 107],0
40,[136 134 135 ... 100  99  95],0
41,[120 116 115 ... 121 119 120],0
42,[125 123 126 ... 116 112 109],0
43,[121 121 133 ...  90  89  94],0
44,[125 124 129 ...  96  96 104],0
45,[121 121 123 ... 111 110 115],0
46,[128 127 132 ... 109 108 113],0
47,[127 126 140 ... 113 109 106],0
48,[136 136 148 ... 106 105 101],0
49,[122 122 130 ... 109 107 110],0
50,[120 118 121 ... 107 106 111],0
51,[121 121 133 ... 113 112 110],0
52,[126 125 120 ... 107 110 119],0
53,[125 125 127 ... 115 114 120],0
54,[120 120 122 ... 120 120 128],0
55,[117 115 118 ... 115 115 123],0
56,[122 122 130 ... 113 111 112],0
57,[126 125 130 ... 104 105 110],0
58,[125 125 135 ... 106 105 103],0
59,[111 109 122 ... 113 109 106],0
60,[117 115 120 ... 111 111 113],0
61,[136 136 148 ... 111 108 101],0
62,[122 117 121 ... 121 120 125],0
63,[123 123 133 ... 117 116 114],0
64,[123 123 133 ... 102 101  97],0
65,[103 101 102 ... 112 113 118],0
66,[120 118 119 ... 115 114 120],0
67,[118 117 122 ...  92  92  94],0
68,[128 126 127 ...  96  97 101],0
69,[124 122 123 ...  94  95  97],0
70,[117 117 117 ... 103 104 108],0
71,[126 125 120 ... 107 108 112],0
72,[113 113 115 ...  97  98 103],0
73,[125 125 133 ... 102 101  97],0
74,[125 125 133 ... 107 107 105],0
75,[129 129 129 ...  98  98 100],0
76,[131 130 135 ...  99  98 103],0
77,[117 116 124 ...  99  99  99],0
78,[128 128 130 ...  96  97 102],0
79,[126 126 128 ...  96  96  98],0
80,[119 118 123 ... 109 110 112],0
81,[109 108 114 ... 100 100 100],0
82,[123 123 131 ...  93  93  95],0
83,[134 134 146 ...  99  98  96],0
84,[118 116 117 ... 102 103 107],0
85,[ 99  98 104 ... 109 109 111],0
86,[116 115 113 ... 124 122 123],0
87,[112 111 119 ...  94  92  93],0
88,[104 103 108 ...  98  98  98],0
89,[111 111 119 ... 102 102 102],0
90,[106 108 121 ... 109 109 109],0
91,[ 93  93  95 ... 109 110 115],0
92,[116 114 117 ... 124 119 115],0
93,[121 119 120 ... 124 121 114],0
94,[127 126 124 ... 125 122 117],0
95,[129 127 128 ... 117 114 109],0
96,[128 124 123 ... 114 110 107],0
97,[129 125 124 ... 120 116 113],0
98,[133 132 130 ... 116 113 108],0
99,[134 133 131 ... 104 101  94],0
100,[134 130 127 ... 112 108 105],0
101,[137 133 132 ... 107 103 100],0
102,[128 127 125 ... 107 106 102],0
103,[143 139 138 ... 113 109 106],0
104,[131 130 128 ... 113 109 106],0
105,[132 130 131 ... 117 112 108],0
106,[146 142 141 ... 110 109 104],0
107,[134 129 126 ... 114 111 106],0
108,[134 132 133 ... 115 112 107],0
109,[133 131 132 ... 121 116 110],0
110,[137 133 132 ... 111 106 102],0
111,[121 118 109 ... 121 117 114],0
112,[146 142 141 ... 100  97  92],0
113,[124 123 121 ... 113 110 105],0
114,[128 126 127 ... 114 111 106],0
115,[126 125 123 ... 115 112 107],0
116,[126 122 119 ...  98  97  93],0
117,[131 130 128 ... 118 115 110],0
118,[127 123 122 ... 115 112 107],0
119,[125 121 118 ... 119 115 112],0
120,[103 102  98 ... 145 137 134],0
121,[117 113 112 ... 122 119 114],0
122,[117 113 110 ... 125 121 118],0
123,[119 115 112 ... 110 107 102],0
124,[129 125 122 ... 115 112 107],0
125,[127 123 120 ... 111 108 101],0
126,[115 111 108 ... 122 119 114],0
127,[124 120 119 ... 119 115 112],0
128,[108 105 100 ... 126 121 117],0
129,[125 124 122 ... 115 112 107],0
130,[130 127 122 ... 114 111 106],0
131,[111 108 101 ... 130 127 120],0
132,[120 119 117 ... 111 108 103],0
133,[129 125 122 ... 120 115 109],0
134,[125 122 117 ... 119 116 111],0
135,[126 122 119 ... 117 114 107],0
136,[116 113 108 ... 133 129 120],0
137,[124 120 119 ... 126 123 116],0
138,[129 125 122 ... 133 128 122],0
139,[147 144 139 ...  95  92  87],0
140,[136 133 128 ... 125 122 115],0
141,[120 116 113 ... 124 121 116],0
142,[122 118 117 ... 125 122 117],0
143,[132 129 124 ... 130 125 119],0
144,[143 140 135 ... 113 110 105],0
145,[132 129 124 ... 115 112 107],0
146,[133 129 126 ... 115 112 107],0
147,[126 122 119 ... 128 123 119],0
148,[129 126 117 ... 125 122 117],0
149,[123 120 115 ... 120 117 112],0
150,[122 118 115 ... 120 117 110],0
151,[108 109 114 ...  90  90  92],0
152,[119 120 124 ...  95  95  95],0
153,[116 112 113 ...  87  87  87],0
154,[106 104 105 ...  89  88  86],0
155,[124 123 128 ...  98  97  95],0
156,[119 120 125 ...  91  90  95],0
157,[116 114 115 ...  96  95  93],0
158,[127 126 124 ...  95  93  94],0
159,[101 101 101 ...  98  96  97],0
160,[111 110 115 ...  89  89  89],0
161,[104 103 108 ...  96  96  98],0
162,[115 114 119 ...  85  84  82],0
163,[107 107 109 ...  85  85  85],0
164,[125 125 127 ... 107 106 111],0
165,[109 109 117 ...  97  97  99],0
166,[112 110 111 ...  91  91  93],0
167,[111 111 119 ...  87  87  87],0
168,[118 117 123 ...  88  88  90],0
169,[117 117 125 ...  97  95  96],0
170,[124 124 132 ...  90  90  90],0
171,[112 110 113 ... 102 102 102],0
172,[104 103 108 ...  99  98 103],0
173,[88 89 91 ... 81 81 83],0
174,[106 105 110 ... 107 108 113],0
175,[118 117 125 ...  95  94  92],0
176,[118 118 126 ...  99  97  98],0
177,[106 105 110 ... 125 121 118],0
178,[107 108 113 ... 118 117 113],0
179,[ 97  97 105 ... 121 120 118],0
180,[101 101 103 ... 122 120 121],0
181,[102 102 110 ... 114 113 111],0
182,[ 97  97 105 ... 117 116 112],0
183,[110 110 118 ... 125 121 118],0
184,[109 109 119 ... 131 127 124],0
185,[104 104 114 ... 128 125 120],0
186,[108 104 103 ... 121 119 122],0
187,[118 118 120 ... 117 117 119],0
188,[112 112 120 ... 121 120 118],0
189,[135 131 130 ... 108 107 105],0
190,[130 128 129 ... 119 116 111],0
191,[125 121 122 ... 126 122 119],0
192,[122 120 123 ... 133 128 122],0
193,[113 112 117 ... 117 114 109],0
194,[117 113 112 ... 131 127 124],0
195,[130 130 132 ... 127 123 120],0
196,[113 113 115 ... 103  99  96],0
197,[119 115 112 ... 118 117 113],0
198,[132 131 136 ... 125 121 118],0
199,[115 113 114 ... 118 114 111],0
200,[132 132 132 ... 112 109 104],0
201,[141 137 136 ... 121 117 114],0
202,[140 138 139 ... 111 106 102],0
203,[113 109 106 ... 110 109 105],0
204,[133 133 135 ... 116 113 108],0
205,[173 173 173 ... 135 130 124],1
206,[167 161 149 ... 129 127 128],1
207,[171 167 155 ... 151 149 150],1
208,[168 166 167 ... 116 111 105],1
209,[158 156 157 ... 157 155 156],1
210,[169 170 172 ... 137 135 138],1
211,[164 164 164 ... 145 146 150],1
212,[171 171 173 ... 134 134 126],1
213,[180 181 183 ... 159 154 150],1
214,[174 171 156 ... 142 140 141],1
215,[173 168 149 ... 145 144 149],1
216,[175 168 149 ... 160 159 165],1
217,[163 161 149 ... 147 145 148],1
218,[164 164 164 ... 129 129 121],1
219,[167 166 164 ... 150 148 151],1
220,[164 165 167 ... 132 128 117],1
221,[169 169 171 ... 136 135 130],1
222,[144 142 143 ... 130 126 117],1
223,[168 164 161 ... 142 142 152],1
224,[101 100  96 ... 143 139 140],1
225,[163 163 163 ... 153 152 157],1
226,[128 124 125 ... 122 121 117],1
227,[148 146 147 ... 103 102  98],1
228,[149 148 146 ...  92  89  82],1
229,[137 135 136 ... 109 108 106],1
230,[142 142 144 ... 106 105 101],1
231,[138 132 132 ... 102 102 102],1
232,[140 140 140 ... 109 105 102],1
233,[136 132 129 ... 104 103 101],1
234,[121 120 118 ... 107 106 102],1
235,[135 135 127 ... 107 103 100],1
236,[130 126 125 ... 103  99  96],1
237,[136 132 131 ... 100  99  97],1
238,[125 123 124 ... 112 111 109],1
239,[140 139 137 ... 103 102 100],1
240,[132 130 131 ... 103 102  98],1
241,[137 135 136 ... 107 106 104],1
242,[152 148 149 ...  99  98  96],1
243,[137 137 139 ... 111 107 104],1
244,[142 138 135 ... 123 122 120],1
245,[135 131 130 ... 105 104 102],1
246,[113 111 112 ... 126 122 121],1
247,[128 126 127 ... 125 121 120],1
248,[122 121 126 ...  98  98 106],1
249,[127 127 129 ... 108 108 118],1
250,[121 120 125 ... 112 112 114],1
251,[134 133 141 ... 105 105 107],1
252,[117 115 118 ... 124 124 132],1
253,[131 129 132 ...  93  93 101],1
254,[136 136 146 ... 106 102 103],1
255,[127 126 132 ...  99  99  99],1
256,[124 123 131 ... 110 110 110],1
257,[136 136 138 ... 103 104 109],1
258,[128 127 135 ... 103 102 100],1
259,[132 132 132 ... 121 121 121],1
260,[138 138 148 ... 112 111 107],1
261,[131 131 139 ... 119 117 118],1
262,[122 122 122 ... 116 115 121],1
263,[142 141 147 ...  97  97  97],1
264,[123 123 125 ... 103 102 108],1
265,[128 128 136 ... 119 119 119],1
266,[129 129 137 ... 100 100 102],1
267,[134 133 141 ... 113 113 115],1
268,[126 125 130 ... 118 119 124],1
269,[118 116 121 ... 112 113 118],1
270,[128 126 127 ... 106 109 118],1
271,[137 136 142 ... 107 107 107],1
272,[121 121 121 ...  96  97 102],1
273,[126 126 134 ...  90  90  88],1
274,[124 125 129 ...  97  97  99],1
275,[123 123 125 ... 102 103 107],1
276,[117 115 116 ...  94  95 100],1
277,[112 111 116 ...  98  98 100],1
278,[133 132 137 ...  97  97  97],1
279,[140 140 150 ...  82  81  76],1
280,[135 135 143 ...  90  89  87],1
281,[130 130 130 ... 102 101  99],1
282,[125 125 127 ... 108 109 114],1
283,[124 123 128 ...  88  88  90],1
284,[130 130 132 ... 102 103 107],1
285,[129 129 139 ...  98  97  93],1
286,[104 100  99 ... 114 115 120],1
287,[125 124 129 ...  94  95  99],1
288,[130 128 139 ... 112 111 107],1
289,[133 133 143 ... 103 103 101],1
290,[111 110 116 ... 107 108 113],1
291,[115 115 125 ... 105 105  97],1
292,[103 103 105 ...  81  82  86],1
293,[125 129 141 ... 108 107 105],1
294,[115 118 127 ... 113 109 106],1
295,[104 105 110 ... 105 105 113],1
296,[114 116 131 ...  94  93  91],1
297,[121 119 120 ... 111 108 103],1
298,[134 130 127 ... 116 112 109],1
299,[135 134 132 ... 122 118 115],1
300,[138 137 135 ... 117 113 110],1
301,[128 126 127 ... 114 111 106],1
302,[125 122 117 ... 125 121 118],1
303,[137 133 130 ... 115 112 107],1
304,[134 130 127 ... 107 103 100],1
305,[145 144 142 ... 103 100  95],1
306,[139 137 138 ... 114 111 106],1
307,[134 130 127 ... 107 103 100],1
308,[145 141 140 ...  98  94  91],1
309,[138 136 137 ... 115 112 107],1
310,[132 131 129 ... 107 104  99],1
311,[136 132 129 ... 100  99  97],1
312,[135 133 134 ... 112 109 104],1
313,[126 125 123 ... 113 109 106],1
314,[124 120 119 ... 129 125 122],1
315,[136 134 137 ... 111 108 103],1
316,[131 129 132 ... 117 114 109],1
317,[150 147 142 ...  93  89  86],1
318,[137 133 132 ... 110 107 102],1
319,[124 122 123 ... 115 112 107],1
320,[130 126 125 ... 124 120 117],1
321,[128 126 127 ... 108 105 100],1
322,[129 125 122 ... 113 109 108],1
323,[129 128 126 ... 111 108 103],1
324,[134 133 131 ... 118 113 107],1
325,[140 136 133 ... 104 103 101],1
326,[132 128 127 ... 130 121 116],1
327,[126 122 119 ... 131 126 122],1
328,[128 124 121 ... 121 117 114],1
329,[134 130 127 ...  99  98  94],1
330,[130 126 123 ... 108 105 100],1
331,[125 121 120 ... 126 122 119],1
332,[131 127 124 ... 117 114 109],1
333,[127 122 119 ... 129 124 121],1
334,[116 113 106 ... 125 122 117],1
335,[129 125 122 ... 121 117 114],1
336,[128 124 121 ... 113 110 105],1
337,[132 128 125 ... 105 102  97],1
338,[128 124 121 ... 116 113 108],1
339,[138 134 133 ... 127 122 118],1
340,[124 123 119 ... 119 116 111],1
341,[130 126 123 ... 117 114 109],1
342,[133 129 126 ... 120 117 110],1
343,[120 116 113 ... 128 125 120],1
344,[116 112 109 ... 130 127 120],1
345,[132 128 125 ... 115 112 107],1
346,[133 132 127 ... 123 120 115],1
347,[125 121 120 ... 135 132 127],1
348,[129 125 122 ... 108 105 100],1
349,[118 114 111 ... 134 129 125],1
350,[145 142 137 ... 117 114 109],1
351,[129 125 124 ... 116 113 106],1
352,[127 123 120 ... 113 110 105],1
353,[125 121 118 ... 130 125 122],1
354,[128 124 121 ... 142 139 134],1
355,[126 122 119 ... 127 124 117],1
356,[135 131 130 ... 115 110 104],1
357,[118 117 122 ...  90  91  93],1
358,[114 114 114 ...  92  92  94],1
359,[116 117 122 ... 115 113 114],1
360,[112 112 114 ...  95  95  97],1
361,[119 120 124 ...  87  87  85],1
362,[114 114 116 ...  95  94  99],1
363,[109 108 113 ...  81  81  79],1
364,[124 123 121 ... 101 101 103],1
365,[112 111 117 ... 123 122 128],1
366,[111 111 113 ...  97  97  99],1
367,[121 121 123 ...  93  94  98],1
368,[121 120 125 ...  90  88  89],1
369,[112 111 117 ...  86  86  86],1
370,[116 115 120 ... 111 110 115],1
371,[109 109 111 ... 104 103 109],1
372,[125 124 129 ...  91  90  95],1
373,[114 114 124 ...  90  90  90],1
374,[110 111 116 ...  86  86  86],1
375,[116 116 124 ...  98  96  97],1
376,[125 124 130 ...  90  91  93],1
377,[116 116 118 ... 112 111 116],1
378,[122 123 128 ... 100 101 106],1
379,[ 92  93  97 ... 111 111 111],1
380,[110 111 116 ... 110 111 116],1
381,[124 124 132 ...  98  98  98],1
382,[113 116 125 ...  96  96  94],1
383,[116 115 121 ... 126 122 119],1
384,[102 101 107 ... 121 119 120],1
385,[103 103 111 ... 113 112 108],1
386,[108 109 111 ... 129 125 122],1
387,[105 104 102 ... 135 135 137],1
388,[111 112 117 ... 124 123 119],1
389,[121 121 129 ... 114 111 106],1
390,[112 108 105 ... 137 136 141],1
391,[119 119 127 ... 113 111 112],1
392,[116 112 111 ... 109 109 119],1
393,[122 122 124 ... 127 125 126],1
394,[114 110 109 ... 141 140 146],1
395,[130 126 125 ... 104 103 101],1
396,[130 125 122 ... 120 117 112],1
397,[126 124 125 ... 137 133 132],1
398,[132 132 134 ... 132 129 124],1
399,[124 123 128 ... 119 114 108],1
400,[124 122 125 ... 129 125 122],1
401,[128 126 127 ... 134 130 127],1
402,[122 119 114 ... 114 113 111],1
403,[129 128 133 ... 114 111 106],1
404,[126 121 118 ... 120 118 119],1
405,[121 119 122 ... 124 120 119],1
406,[138 134 133 ... 114 113 109],1
407,[130 126 125 ... 118 117 115],1
408,[128 127 132 ... 120 116 113],1
409,[131 131 131 ... 125 121 118],1
410,[142 138 137 ... 108 107 105],1
411,[175 173 174 ... 144 141 136],2
412,[166 163 154 ... 135 129 129],2
413,[178 172 158 ... 153 151 152],2
414,[162 159 144 ... 137 133 132],2
415,[175 171 170 ... 166 164 165],2
416,[174 174 164 ... 153 152 157],2
417,[177 176 181 ... 150 148 151],2
418,[175 173 161 ... 152 147 153],2
419,[171 169 156 ... 153 152 157],2
420,[166 165 161 ... 136 134 137],2
421,[166 165 163 ... 138 134 131],2
422,[169 164 145 ... 141 140 146],2
423,[147 145 132 ... 143 142 147],2
424,[171 171 173 ... 140 137 130],2
425,[180 179 161 ... 164 163 168],2
426,[158 158 160 ... 125 123 111],2
427,[188 188 188 ... 159 159 161],2
428,[166 166 168 ... 133 130 123],2
429,[156 156 156 ... 136 139 148],2
430,[131 130 126 ... 163 161 164],2
431,[170 170 170 ... 152 151 156],2
432,[132 131 127 ... 122 119 114],2
433,[152 150 151 ... 103 102  98],2
434,[155 151 150 ...  92  91  87],2
435,[131 131 133 ...  98  97  95],2
436,[141 141 143 ... 105 104 100],2
437,[134 132 133 ... 107 106 104],2
438,[144 140 139 ...  97  96  94],2
439,[141 139 140 ... 109 105 104],2
440,[136 135 131 ... 108 105  98],2
441,[140 135 129 ... 118 114 113],2
442,[143 142 147 ... 113 109 106],2
443,[135 134 139 ... 101 100  96],2
444,[139 135 134 ... 108 107 105],2
445,[147 145 146 ...  99  98  96],2
446,[129 129 131 ... 112 108 105],2
447,[134 133 138 ... 113 112 108],2
448,[144 143 141 ...  97  96  92],2
449,[143 141 142 ... 105 104 102],2
450,[150 146 143 ... 121 117 114],2
451,[137 135 136 ... 104 103 101],2
452,[132 128 129 ... 121 121 121],2
453,[135 133 134 ... 108 107 105],2
454,[128 127 132 ... 105 108 117],2
455,[129 128 133 ... 110 110 118],2
456,[125 125 133 ... 110 106 105],2
457,[137 137 149 ... 109 105 104],2
458,[130 128 139 ... 115 114 119],2
459,[135 135 145 ...  94  94  94],2
460,[131 128 135 ... 112 111 119],2
461,[135 133 138 ... 106 105 110],2
462,[125 125 135 ... 100  99  95],2
463,[144 139 143 ... 113 115 127],2
464,[128 126 127 ... 107 106 112],2
465,[138 138 148 ... 125 123 124],2
466,[124 123 128 ... 111 110 115],2
467,[125 125 133 ... 113 111 112],2
468,[125 121 122 ... 112 112 120],2
469,[142 142 150 ...  93  92  90],2
470,[126 126 134 ... 102 100 101],2
471,[132 131 136 ... 127 128 133],2
472,[132 131 137 ... 107 106 111],2
473,[129 128 133 ... 114 115 120],2
474,[127 125 126 ... 120 120 130],2
475,[120 118 119 ... 111 112 117],2
476,[132 130 131 ...  96  99 108],2
477,[132 132 134 ... 111 112 116],2
478,[122 121 126 ...  95  96 101],2
479,[128 127 133 ...  91  92  94],2
480,[127 128 133 ...  99  99 101],2
481,[121 121 123 ... 103 104 109],2
482,[136 134 145 ...  99  98  96],2
483,[122 122 124 ...  93  94  96],2
484,[126 125 130 ...  99 100 104],2
485,[145 148 157 ...  96  95  93],2
486,[133 131 132 ...  96  96 104],2
487,[129 129 129 ... 106 106 106],2
488,[117 117 119 ... 115 115 123],2
489,[122 121 126 ...  90  91  95],2
490,[128 126 127 ... 105 106 111],2
491,[122 121 126 ... 100 101 106],2
492,[ 79  78  74 ... 105 106 110],2
493,[129 129 141 ...  90  90  88],2
494,[133 132 127 ... 110 110 118],2
495,[130 130 132 ... 108 109 113],2
496,[110 110 118 ... 104 105 109],2
497,[128 127 135 ... 109 109 107],2
498,[105 105 105 ...  89  90  95],2
499,[127 129 141 ...  85  85  87],2
500,[115 115 123 ... 106 107 112],2
501,[114 117 134 ... 102 102 104],2
502,[109 108 113 ...  93  96 103],2
503,[121 117 116 ... 124 120 117],2
504,[128 124 123 ... 108 107 103],2
505,[136 134 135 ... 111 108 103],2
506,[150 146 145 ... 108 104 101],2
507,[140 136 133 ... 109 105 104],2
508,[132 128 125 ... 118 114 111],2
509,[136 135 133 ... 101  98  93],2
510,[143 142 140 ...  98  95  90],2
511,[136 132 129 ...  99  98  96],2
512,[136 132 131 ... 108 104 101],2
513,[133 129 128 ... 104 103  99],2
514,[139 137 138 ... 103 100  95],2
515,[133 131 132 ... 115 111 108],2
516,[123 122 118 ... 119 116 111],2
517,[136 134 135 ...  98  97  93],2
518,[134 131 126 ...  99  98  94],2
519,[131 127 124 ... 104 100  99],2
520,[122 120 121 ... 125 121 118],2
521,[133 131 134 ... 106 103  98],2
522,[127 125 126 ... 113 110 105],2
523,[142 138 135 ... 100  97  90],2
524,[143 139 136 ... 106 102  99],2
525,[125 124 122 ... 119 116 111],2
526,[132 128 125 ... 108 107 103],2
527,[121 120 118 ... 100  96  93],2
528,[132 130 131 ... 111 108 103],2
529,[140 136 135 ... 119 116 111],2
530,[137 133 130 ... 105 104 102],2
531,[138 136 137 ... 120 111 104],2
532,[122 118 115 ... 128 123 119],2
533,[130 126 123 ... 115 112 107],2
534,[137 133 130 ... 106 103  98],2
535,[135 131 128 ... 109 105 102],2
536,[123 119 116 ... 122 118 115],2
537,[128 124 121 ... 118 115 110],2
538,[128 124 121 ... 119 114 108],2
539,[129 125 122 ... 127 123 120],2
540,[135 131 128 ... 115 112 107],2
541,[120 116 115 ... 120 117 112],2
542,[116 112 109 ... 113 110 105],2
543,[126 125 121 ...  97  94  89],2
544,[125 124 120 ... 108 105 100],2
545,[131 127 124 ... 115 112 107],2
546,[127 123 120 ... 123 120 115],2
547,[135 131 128 ... 121 118 113],2
548,[129 126 121 ... 119 116 109],2
549,[123 119 118 ... 125 122 117],2
550,[118 114 111 ... 148 143 137],2
551,[136 132 129 ... 118 115 110],2
552,[134 130 127 ... 123 120 115],2
553,[113 110 105 ... 136 131 127],2
554,[121 117 114 ... 125 122 115],2
555,[117 113 110 ... 138 133 129],2
556,[142 138 135 ... 111 108 103],2
557,[127 123 120 ... 101  98  93],2
558,[122 118 117 ... 116 113 106],2
559,[115 111 108 ... 128 124 121],2
560,[138 135 130 ... 124 121 114],2
561,[124 120 117 ... 130 127 122],2
562,[133 129 126 ... 118 115 108],2
563,[125 126 130 ...  95  94  99],2
564,[118 118 118 ...  94  93  98],2
565,[118 117 122 ...  94  94  96],2
566,[109 107 108 ...  80  80  82],2
567,[122 122 124 ...  97  96  94],2
568,[122 123 127 ... 102 101 106],2
569,[112 112 114 ...  93  93  93],2
570,[119 117 118 ...  96  96  98],2
571,[107 110 119 ... 108 108 108],2
572,[108 108 116 ...  94  94  94],2
573,[118 118 126 ...  85  85  87],2
574,[115 115 123 ...  93  92  90],2
575,[110 110 112 ...  91  91  93],2
576,[119 119 129 ... 105 105 107],2
577,[111 110 115 ... 102 101 106],2
578,[105 105 107 ...  89  90  94],2
579,[111 111 113 ...  93  94  99],2
580,[116 116 116 ...  80  81  85],2
581,[110 109 114 ... 103 104 109],2
582,[125 125 135 ...  90  90  90],2
583,[115 115 117 ... 109 110 114],2
584,[123 123 131 ...  99  99 101],2
585,[111 113 125 ...  98  97 102],2
586,[100 101 106 ...  98  99 104],2
587,[120 120 128 ...  97  98 102],2
588,[121 124 133 ... 106 106 108],2
589,[114 113 118 ... 138 134 133],2
590,[102  98  99 ... 129 127 128],2
591,[ 97  95  96 ... 123 121 122],2
592,[ 97  93  90 ... 129 129 131],2
593,[110 106 107 ... 133 132 137],2
594,[112 113 118 ... 116 115 113],2
595,[121 121 123 ... 107 105 108],2
596,[108 106 107 ... 144 144 146],2
597,[113 113 115 ... 116 117 122],2
598,[113 112 117 ... 105 105 107],2
599,[103  99  96 ... 125 124 129],2
600,[111 109 112 ... 137 135 136],2
601,[135 131 130 ... 113 112 110],2
602,[129 121 119 ... 125 121 118],2
603,[ 98  98 100 ... 140 135 131],2
604,[122 122 124 ... 132 129 122],2
605,[116 116 116 ... 129 125 122],2
606,[116 112 109 ... 133 129 126],2
607,[125 125 127 ... 137 133 130],2
608,[120 119 115 ... 107 106 102],2
609,[129 129 131 ... 120 115 111],2
610,[134 134 136 ... 112 111 109],2
611,[118 113 110 ... 123 122 120],2
612,[137 137 139 ... 103 102  97],2
613,[132 127 124 ... 120 118 119],2
614,[129 128 133 ... 122 118 115],2
615,[129 125 122 ... 123 122 120],2
616,[133 129 128 ... 108 107 105],2
617,[177 177 177 ... 145 141 140],3
618,[176 172 160 ... 138 136 137],3
619,[176 170 154 ... 149 145 146],3
620,[181 179 180 ... 139 137 138],3
621,[169 165 162 ... 163 161 162],3
622,[163 163 165 ... 141 146 152],3
623,[169 170 174 ... 138 138 138],3
624,[172 173 159 ... 151 152 157],3
625,[162 163 147 ... 148 147 153],3
626,[169 171 160 ... 142 137 141],3
627,[179 183 186 ... 146 143 136],3
628,[165 165 155 ... 130 129 135],3
629,[175 178 183 ... 140 140 142],3
630,[175 175 177 ... 143 140 135],3
631,[178 174 165 ... 152 150 153],3
632,[165 166 170 ... 120 118 119],3
633,[170 174 177 ... 140 139 134],3
634,[109 108 104 ... 146 153 163],3
635,[177 178 183 ... 141 142 136],3
636,[166 167 171 ... 148 151 158],3
637,[163 163 165 ... 147 146 151],3
638,[135 133 134 ... 116 115 111],3
639,[148 148 148 ... 107 103 100],3
640,[157 153 152 ...  91  88  79],3
641,[140 140 142 ... 100  99  97],3
642,[140 140 142 ... 104 103  99],3
643,[134 130 129 ... 107 107 107],3
644,[147 147 147 ...  95  91  88],3
645,[137 133 132 ... 102 101  99],3
646,[135 135 137 ... 111 107 104],3
647,[131 129 130 ... 110 106 103],3
648,[136 135 140 ...  99  95  92],3
649,[154 150 147 ...  80  79  77],3
650,[133 129 128 ... 108 107 105],3
651,[146 142 139 ... 102 101  99],3
652,[123 121 122 ... 112 111 109],3
653,[134 133 138 ... 118 114 111],3
654,[145 141 140 ... 101 100  98],3
655,[144 142 143 ... 103 102 100],3
656,[134 130 129 ... 109 108 106],3
657,[145 141 140 ... 103 102  98],3
658,[123 123 125 ... 112 110 111],3
659,[137 135 136 ... 105 104 102],3
660,[142 138 137 ... 109 108 106],3
661,[127 126 131 ... 101 104 113],3
662,[125 123 124 ... 109 109 117],3
663,[131 130 135 ... 110 110 118],3
664,[134 134 146 ... 106 104 105],3
665,[133 135 148 ... 107 105 106],3
666,[126 124 127 ...  98 101 110],3
667,[127 127 129 ... 110 110 122],3
668,[143 143 155 ... 104 104 104],3
669,[136 136 146 ... 106 105 103],3
670,[143 143 155 ... 106 104 105],3
671,[138 138 146 ... 111 111 111],3
672,[134 134 146 ... 114 112 113],3
673,[127 125 126 ... 113 114 119],3
674,[130 130 138 ... 113 111 112],3
675,[132 132 134 ... 113 112 110],3
676,[134 134 142 ... 112 112 112],3
677,[131 132 137 ... 112 112 114],3
678,[125 123 124 ... 124 125 130],3
679,[121 121 123 ... 109 110 115],3
680,[135 131 132 ... 119 119 127],3
681,[134 134 146 ... 119 118 116],3
682,[135 135 145 ... 105 104 100],3
683,[127 125 126 ... 100 103 112],3
684,[121 120 126 ... 121 122 127],3
685,[126 125 130 ...  93  94  99],3
686,[124 124 126 ...  94  94  92],3
687,[127 127 135 ...  93  92  90],3
688,[120 119 124 ... 102 103 108],3
689,[120 120 128 ...  93  94  96],3
690,[119 119 121 ...  94  95  99],3
691,[ 89  89  89 ... 105 105 107],3
692,[134 134 144 ...  90  90  88],3
693,[139 142 149 ...  93  93  93],3
694,[132 132 132 ...  97  97  99],3
695,[125 125 127 ... 110 110 118],3
696,[138 138 146 ...  83  83  81],3
697,[132 130 131 ... 100 101 106],3
698,[117 117 119 ... 103 104 108],3
699,[136 139 148 ... 105 105 103],3
700,[144 146 158 ...  90  89  87],3
701,[128 129 134 ... 105 106 108],3
702,[134 130 127 ... 112 112 114],3
703,[120 123 132 ... 105 105 105],3
704,[124 126 138 ... 111 111 109],3
705,[120 122 134 ...  95  94  90],3
706,[124 126 139 ... 101 101 101],3
707,[120 122 135 ... 107 106 104],3
708,[115 118 135 ... 106 106 106],3
709,[111 114 123 ...  97  97  99],3
710,[119 117 120 ... 118 114 111],3
711,[128 127 125 ... 112 108 105],3
712,[142 138 135 ... 103  99  98],3
713,[146 144 145 ... 107 104  99],3
714,[133 131 132 ... 104 100  97],3
715,[130 129 127 ... 119 116 111],3
716,[133 132 130 ... 108 105 100],3
717,[149 144 140 ... 100  97  92],3
718,[138 136 137 ...  99  96  91],3
719,[153 149 146 ...  95  94  90],3
720,[141 137 136 ... 103 100  95],3
721,[157 153 152 ... 104 100  99],3
722,[142 138 135 ... 114 110 109],3
723,[139 137 138 ... 114 111 106],3
724,[145 141 138 ...  96  95  93],3
725,[137 134 129 ... 105 101  98],3
726,[136 135 133 ... 102  99  94],3
727,[139 138 136 ... 113 108 102],3
728,[137 133 130 ... 111 107 104],3
729,[126 124 125 ... 114 110 107],3
730,[136 135 133 ... 110 106  97],3
731,[138 136 137 ... 100  97  92],3
732,[138 136 137 ... 120 117 112],3
733,[139 138 136 ... 108 104 101],3
734,[135 133 134 ... 107 104  99],3
735,[136 132 129 ... 110 107 102],3
736,[134 130 131 ... 120 117 110],3
737,[137 133 130 ... 107 103 102],3
738,[139 135 134 ... 103 100  95],3
739,[131 130 128 ... 128 118 116],3
740,[127 123 120 ... 123 118 112],3
741,[128 124 121 ... 118 113 109],3
742,[143 140 135 ... 101  97  94],3
743,[133 129 128 ... 111 108 103],3
744,[119 115 114 ... 114 111 106],3
745,[123 119 116 ... 126 122 119],3
746,[130 127 122 ... 119 115 112],3
747,[120 116 115 ... 130 125 121],3
748,[126 122 119 ... 119 116 109],3
749,[126 123 118 ... 102 101  97],3
750,[127 124 119 ... 112 109 104],3
751,[114 113 109 ... 119 114 108],3
752,[117 113 110 ... 119 116 111],3
753,[124 121 116 ... 117 114 109],3
754,[132 129 124 ... 124 119 113],3
755,[119 115 112 ... 127 124 119],3
756,[117 113 110 ... 146 139 133],3
757,[134 130 127 ... 119 116 109],3
758,[137 134 129 ... 125 122 117],3
759,[123 119 116 ... 136 131 128],3
760,[125 121 118 ... 122 119 112],3
761,[127 124 119 ... 137 132 128],3
762,[142 138 135 ... 109 106 101],3
763,[131 127 124 ... 109 108 103],3
764,[130 126 123 ... 122 119 114],3
765,[121 117 114 ... 127 122 118],3
766,[139 136 131 ... 127 124 119],3
767,[103 100  93 ... 131 128 123],3
768,[139 135 134 ... 123 118 112],3
769,[133 132 137 ...  87  87  87],3
770,[126 126 134 ...  89  89  89],3
771,[115 115 117 ...  97  97  99],3
772,[113 113 113 ...  89  89  91],3
773,[127 125 126 ...  82  82  80],3
774,[120 120 120 ...  93  93  95],3
775,[125 123 124 ...  94  92  93],3
776,[117 113 112 ... 102 100 101],3
777,[102 103 108 ... 101 102 104],3
778,[109 112 119 ...  95  95  95],3
779,[118 121 128 ...  93  93  93],3
780,[116 114 117 ...  91  89  92],3
781,[118 119 124 ...  82  82  82],3
782,[128 128 130 ... 106 105 111],3
783,[110 110 118 ...  98  97 102],3
784,[116 115 120 ...  86  87  91],3
785,[118 121 130 ...  87  87  87],3
786,[129 130 135 ...  87  87  89],3
787,[111 112 117 ...  95  96  98],3
788,[131 131 141 ...  92  92  92],3
789,[109 109 117 ...  98  99 103],3
790,[121 121 129 ... 112 111 116],3
791,[114 116 128 ... 100 100 102],3
792,[109 112 121 ...  97  98 102],3
793,[113 111 112 ...  95  95  95],3
794,[143 142 147 ...  70  71  66],3
795,[111 110 116 ... 136 133 128],3
796,[106 105 103 ... 126 126 128],3
797,[ 98  97 102 ... 127 126 124],3
798,[ 98  98 100 ... 129 127 128],3
799,[102  98  97 ... 128 128 130],3
800,[104 100  97 ... 125 124 129],3
801,[122 121 127 ... 106 104 105],3
802,[106 109 118 ... 130 129 125],3
803,[115 117 129 ... 119 115 112],3
804,[116 112 111 ... 109 108 114],3
805,[109 109 117 ... 123 122 120],3
806,[ 95  95  93 ... 136 134 135],3
807,[133 129 128 ... 112 110 111],3
808,[119 115 112 ... 108 105  98],3
809,[128 127 133 ... 141 136 132],3
810,[116 111 107 ... 130 127 120],3
811,[117 113 112 ... 133 129 128],3
812,[115 111 108 ... 138 134 131],3
813,[131 131 133 ... 132 128 125],3
814,[120 119 117 ... 107 106 102],3
815,[128 127 132 ... 125 122 115],3
816,[129 127 128 ... 111 110 108],3
817,[120 119 124 ... 118 114 111],3
818,[133 129 128 ... 107 106 104],3
819,[134 130 129 ... 120 119 117],3
820,[128 127 132 ... 120 116 113],3
821,[126 125 130 ... 113 110 103],3
822,[134 134 136 ...  99  98  94],3
823,[175 175 175 ... 144 140 141],4
824,[179 179 179 ... 137 132 126],4
825,[173 167 153 ... 148 144 145],4
826,[182 182 182 ... 144 142 143],4
827,[171 168 159 ... 166 165 163],4
828,[176 176 174 ... 152 153 158],4
829,[174 176 163 ... 158 157 163],4
830,[167 165 166 ... 143 143 141],4
831,[173 174 160 ... 150 148 151],4
832,[167 165 153 ... 134 132 135],4
833,[174 173 155 ... 150 145 149],4
834,[176 173 164 ... 143 142 148],4
835,[154 152 140 ... 149 150 155],4
836,[130 129 127 ... 150 149 154],4
837,[176 172 160 ... 157 158 163],4
838,[176 177 179 ... 144 142 143],4
839,[161 164 169 ... 135 136 131],4
840,[176 180 183 ... 153 154 159],4
841,[176 180 183 ... 149 150 155],4
842,[167 168 172 ... 144 145 150],4
843,[174 174 176 ... 160 160 168],4
844,[136 132 133 ... 116 115 113],4
845,[149 148 146 ... 106 105 103],4
846,[151 147 144 ...  94  93  91],4
847,[140 136 135 ... 102 100 101],4
848,[143 143 145 ... 104 103  99],4
849,[134 133 139 ... 106 105 103],4
850,[137 133 132 ... 108 107 105],4
851,[141 141 143 ... 103  99  96],4
852,[127 127 129 ... 105 101  98],4
853,[138 135 128 ... 118 114 111],4
854,[132 131 136 ... 102  98  95],4
855,[137 137 137 ... 100  96  93],4
856,[125 125 127 ... 108 107 105],4
857,[134 130 129 ... 104 103 101],4
858,[134 134 134 ... 114 113 111],4
859,[136 132 131 ... 117 116 114],4
860,[148 146 147 ...  96  95  91],4
861,[143 139 138 ... 107 103 102],4
862,[137 137 139 ... 102 101  96],4
863,[142 140 141 ... 108 107 105],4
864,[136 132 131 ... 106 105 103],4
865,[144 142 143 ... 109 105 104],4
866,[133 133 145 ... 103 102 108],4
867,[129 128 134 ... 112 112 120],4
868,[128 128 130 ... 112 112 120],4
869,[146 146 158 ... 112 110 111],4
870,[135 137 150 ... 108 106 107],4
871,[130 128 131 ... 106 108 120],4
872,[132 132 140 ... 113 112 120],4
873,[148 148 158 ... 112 112 112],4
874,[136 136 138 ...  99 100 104],4
875,[132 132 134 ... 107 108 113],4
876,[131 131 141 ... 100  99  95],4
877,[120 118 123 ... 119 119 131],4
878,[121 119 120 ... 116 115 121],4
879,[137 137 149 ... 116 112 111],4
880,[130 126 127 ... 113 113 123],4
881,[128 128 136 ... 110 109 105],4
882,[133 133 141 ... 116 114 115],4
883,[130 128 131 ... 124 123 128],4
884,[128 128 138 ... 104 104 104],4
885,[135 134 139 ... 115 114 120],4
886,[125 121 122 ... 128 128 136],4
887,[128 128 136 ... 108 108 106],4
888,[122 122 130 ... 106 106 106],4
889,[130 129 137 ... 110 109 115],4
890,[134 136 149 ...  96  96  98],4
891,[142 144 156 ...  98  97  93],4
892,[126 126 128 ... 103 104 109],4
893,[131 131 141 ...  95  94  90],4
894,[134 134 134 ... 103 103 105],4
895,[123 124 128 ...  92  93  97],4
896,[141 141 149 ...  94  94  92],4
897,[127 125 126 ...  97  98 103],4
898,[147 146 162 ...  95  95  97],4
899,[134 135 139 ...  96  96  98],4
900,[128 128 126 ... 108 108 116],4
901,[132 132 134 ...  92  91  96],4
902,[127 126 131 ... 104 105 110],4
903,[112 109 102 ... 109 110 115],4
904,[126 127 131 ...  98  99 104],4
905,[126 129 136 ... 103 103 101],4
906,[141 143 155 ...  92  92  92],4
907,[128 128 136 ... 101 101  99],4
908,[140 140 148 ... 120 120 122],4
909,[122 125 134 ... 102 101  99],4
910,[123 123 125 ... 107 109 108],4
911,[123 125 137 ...  96  95  91],4
912,[135 134 152 ...  99  97  98],4
913,[113 116 125 ... 116 116 118],4
914,[110 110 122 ... 109 110 115],4
915,[118 118 128 ...  93  94  98],4
916,[115 113 114 ... 117 114 109],4
917,[143 139 138 ... 105 101  98],4
918,[128 124 121 ... 109 108 104],4
919,[140 134 134 ... 101 100  98],4
920,[139 137 140 ... 114 111 106],4
921,[136 135 133 ... 106 105 103],4
922,[130 129 127 ... 120 117 112],4
923,[140 136 135 ... 105 101  98],4
924,[148 145 140 ...  95  94  90],4
925,[135 131 128 ... 101 100  98],4
926,[143 140 135 ... 110 106 103],4
927,[133 129 126 ... 104 100  99],4
928,[136 132 129 ...  99  95  94],4
929,[137 135 136 ... 109 106 101],4
930,[133 132 130 ... 105 101  98],4
931,[145 141 138 ...  99  98  96],4
932,[135 131 128 ... 106 105 101],4
933,[129 127 128 ... 108 105 100],4
934,[138 134 135 ... 112 109 104],4
935,[146 144 145 ... 111 106 102],4
936,[123 120 115 ... 113 109 108],4
937,[147 141 141 ... 102  99  94],4
938,[140 138 139 ... 108 105 100],4
939,[135 131 132 ... 119 115 112],4
940,[137 133 130 ... 105 101  98],4
941,[133 127 127 ... 108 107 105],4
942,[142 138 137 ... 101  97  94],4
943,[139 135 132 ... 114 111 106],4
944,[139 138 136 ... 109 105 102],4
945,[137 135 136 ... 124 115 110],4
946,[131 127 124 ... 123 118 114],4
947,[125 121 118 ... 120 116 113],4
948,[132 128 125 ... 101 100  96],4
949,[134 130 129 ... 111 108 103],4
950,[122 118 117 ... 123 119 116],4
951,[129 125 122 ... 118 115 108],4
952,[126 122 119 ... 129 125 122],4
953,[130 126 123 ... 112 109 104],4
954,[131 127 124 ... 109 105 102],4
955,[124 120 117 ... 123 119 116],4
956,[134 130 127 ...  97  96  91],4
957,[123 122 118 ... 108 107 102],4
958,[122 118 115 ... 125 122 117],4
959,[130 127 122 ... 110 107 100],4
960,[137 133 130 ... 116 113 108],4
961,[134 130 127 ... 123 118 112],4
962,[129 125 122 ... 117 114 109],4
963,[121 117 114 ... 156 149 141],4
964,[138 135 130 ... 121 118 113],4
965,[137 134 129 ... 121 118 113],4
966,[121 117 116 ... 137 134 129],4
967,[121 117 114 ... 125 122 115],4
968,[101  97  94 ... 138 133 129],4
969,[141 137 134 ... 113 110 105],4
970,[130 126 125 ... 113 110 103],4
971,[131 127 124 ... 118 115 110],4
972,[129 125 122 ... 127 123 120],4
973,[134 131 126 ... 129 126 121],4
974,[116 113 108 ... 130 127 122],4
975,[131 127 124 ... 122 119 114],4
976,[128 128 130 ...  97  97  99],4
977,[114 114 116 ...  92  93  97],4
978,[113 116 123 ... 100 100 100],4
979,[115 115 115 ...  95  95  97],4
980,[112 112 114 ...  98  98  98],4
981,[130 130 132 ... 104 103 109],4
982,[125 126 131 ...  98  97  95],4
983,[122 120 121 ...  99  99 101],4
984,[109 109 117 ... 108 108 108],4
985,[112 112 120 ...  96  96  96],4
986,[124 125 130 ...  95  96 101],4
987,[118 118 128 ...  93  91  92],4
988,[112 112 122 ...  82  82  80],4
989,[129 130 135 ... 102 101 106],4
990,[110 110 118 ...  97  97  99],4
991,[120 121 125 ...  86  86  88],4
992,[116 115 120 ...  95  96 100],4
993,[122 123 128 ...  77  78  80],4
994,[112 114 126 ... 101 101  99],4
995,[126 125 130 ...  92  93  95],4
996,[114 114 122 ...  98  98 106],4
997,[120 123 130 ... 109 108 113],4
998,[100 101 106 ...  97  98 103],4
999,[115 117 129 ... 103 103 103],4
1000,[116 116 124 ...  96  96  96],4
1001,[124 124 126 ...  94  95  99],4
1002,[113 112 120 ... 134 131 126],4
1003,[109 109 117 ... 118 117 113],4
1004,[100  99 104 ... 127 125 126],4
1005,[100  96  95 ... 131 131 133],4
1006,[106 106 116 ... 129 128 124],4
1007,[109 109 117 ... 123 122 120],4
1008,[125 124 130 ... 110 109 114],4
1009,[103  99  96 ... 137 136 141],4
1010,[110 113 120 ... 122 122 122],4
1011,[118 117 123 ... 114 113 118],4
1012,[119 118 123 ... 130 128 129],4
1013,[113 115 114 ... 132 131 127],4
1014,[133 131 132 ... 113 112 110],4
1015,[126 121 115 ... 114 110 107],4
1016,[122 118 119 ... 141 137 136],4
1017,[123 121 122 ... 140 137 132],4
1018,[121 120 125 ... 133 129 126],4
1019,[116 112 113 ... 129 128 124],4
1020,[121 120 118 ... 136 132 131],4
1021,[101 101 101 ...  94  93  89],4
1022,[131 131 133 ... 124 119 115],4
1023,[132 130 131 ... 115 114 112],4
1024,[120 116 113 ... 122 121 119],4
1025,[138 136 139 ... 119 115 112],4
1026,[139 137 138 ... 121 117 116],4
1027,[125 121 120 ... 126 125 123],4
1028,[122 121 126 ... 128 125 120],4
1029,[134 132 133 ... 102 101  97],4
1030,[182 183 185 ... 141 136 132],5
1031,[183 183 183 ... 132 128 125],5
1032,[174 170 167 ... 147 145 146],5
1033,[180 180 180 ... 122 119 114],5
1034,[179 179 179 ... 164 162 163],5
1035,[171 172 174 ... 142 145 150],5
1036,[133 133 131 ... 152 153 158],5
1037,[174 177 182 ... 142 143 137],5
1038,[166 167 172 ... 140 140 138],5
1039,[148 148 146 ... 128 125 120],5
1040,[176 176 166 ... 152 155 162],5
1041,[171 169 156 ... 141 141 149],5
1042,[167 174 182 ... 132 131 127],5
1043,[ 95  96  98 ... 139 138 134],5
1044,[160 157 138 ... 149 153 164],5
1045,[167 170 175 ... 136 137 132],5
1046,[178 181 186 ... 148 148 146],5
1047,[159 163 166 ... 134 140 154],5
1048,[167 172 176 ... 116 119 124],5
1049,[126 130 133 ... 151 155 164],5
1050,[162 163 168 ... 152 156 167],5
1051,[142 138 137 ... 119 116 109],5
1052,[150 146 143 ... 103 102 100],5
1053,[154 150 147 ...  94  93  89],5
1054,[145 145 147 ...  96  95  93],5
1055,[141 137 134 ... 105 104 100],5
1056,[131 127 128 ... 104 104 104],5
1057,[141 140 138 ... 108 104 103],5
1058,[142 140 141 ... 101 100  98],5
1059,[149 145 142 ...  82  81  77],5
1060,[139 135 124 ... 113 109 108],5
1061,[133 131 132 ...  97  96  92],5
1062,[145 143 144 ...  99  95  92],5
1063,[128 124 123 ... 109 108 106],5
1064,[148 144 143 ... 102 101  99],5
1065,[133 133 135 ... 104 103 101],5
1066,[141 141 143 ... 118 114 111],5
1067,[144 144 144 ...  97  96  92],5
1068,[152 148 147 ... 101 100  98],5
1069,[137 135 136 ... 107 106 102],5
1070,[144 140 139 ... 106 105 101],5
1071,[136 132 131 ... 106 105 103],5
1072,[143 141 142 ... 115 112 107],5
1073,[135 137 150 ... 105 105 105],5
1074,[139 139 149 ... 115 114 112],5
1075,[145 145 153 ... 100 100 100],5
1076,[132 131 137 ... 106 106 114],5
1077,[131 130 136 ... 112 111 117],5
1078,[131 130 135 ... 105 107 119],5
1079,[147 147 159 ... 100  99  97],5
1080,[134 133 139 ... 107 108 113],5
1081,[136 135 143 ... 101 101 103],5
1082,[138 138 148 ... 108 108 108],5
1083,[138 138 148 ... 101 101  99],5
1084,[121 121 123 ... 117 117 127],5
1085,[136 134 145 ... 108 107 105],5
1086,[139 139 151 ... 125 121 122],5
1087,[132 130 133 ... 117 118 123],5
1088,[135 135 145 ... 107 108 103],5
1089,[132 131 137 ... 121 120 125],5
1090,[130 130 138 ... 116 114 115],5
1091,[127 127 129 ... 110 110 118],5
1092,[135 136 141 ... 114 114 116],5
1093,[130 129 143 ... 128 127 125],5
1094,[131 131 139 ... 106 105 103],5
1095,[124 124 132 ... 106 106 108],5
1096,[123 123 133 ... 110 110 112],5
1097,[132 132 134 ... 100 100 108],5
1098,[133 135 147 ...  95  95  93],5
1099,[127 125 126 ... 106 107 111],5
1100,[134 134 146 ... 100 100 102],5
1101,[132 134 147 ...  95  95  93],5
1102,[125 125 125 ...  95  96 101],5
1103,[135 135 143 ... 102 102 102],5
1104,[139 139 147 ...  86  88  87],5
1105,[134 133 139 ...  93  96 105],5
1106,[138 139 143 ...  97  97  97],5
1107,[128 128 128 ... 104 105 110],5
1108,[129 132 141 ...  92  92  90],5
1109,[127 126 131 ... 104 107 116],5
1110,[115 116 111 ...  95  96 101],5
1111,[123 123 125 ...  97 100 105],5
1112,[131 130 135 ... 107 108 112],5
1113,[133 133 135 ...  87  90  97],5
1114,[132 135 144 ... 112 112 112],5
1115,[139 137 138 ... 102 103 105],5
1116,[117 116 121 ... 102 103 107],5
1117,[129 131 146 ... 112 111 109],5
1118,[115 115 117 ...  91  90  95],5
1119,[122 123 125 ... 105 106 111],5
1120,[124 127 142 ... 111 111 109],5
1121,[121 121 133 ...  96  97 101],5
1122,[132 136 148 ...  81  81  81],5
1123,[118 115 110 ... 117 113 110],5
1124,[145 143 144 ...  95  92  87],5
1125,[127 126 124 ... 112 108 105],5
1126,[136 134 135 ... 105 101  98],5
1127,[139 137 138 ... 113 110 105],5
1128,[133 132 130 ... 106 102  99],5
1129,[128 128 120 ... 123 120 115],5
1130,[151 148 143 ...  96  95  91],5
1131,[146 142 139 ... 106 102  99],5
1132,[135 131 130 ... 108 107 105],5
1133,[150 146 143 ... 104 100  97],5
1134,[135 134 132 ... 108 105  98],5
1135,[137 135 136 ... 108 105 100],5
1136,[134 130 131 ... 115 111 108],5
1137,[134 133 131 ... 110 106 103],5
1138,[166 162 161 ...  92  91  86],5
1139,[147 143 142 ... 106 103  98],5
1140,[129 127 128 ... 112 109 104],5
1141,[140 136 135 ... 107 103 100],5
1142,[130 128 131 ... 116 111 107],5
1143,[124 121 116 ... 109 108 104],5
1144,[143 142 140 ...  97  94  87],5
1145,[139 135 132 ... 110 106 105],5
1146,[134 134 134 ... 113 110 105],5
1147,[134 130 127 ... 106 105 101],5
1148,[135 133 134 ... 111 108 103],5
1149,[132 131 129 ... 112 108 105],5
1150,[143 142 140 ... 113 110 103],5
1151,[143 139 138 ... 102  98  95],5
1152,[134 130 127 ... 123 115 113],5
1153,[129 125 122 ... 122 119 114],5
1154,[134 131 122 ... 121 118 113],5
1155,[137 133 130 ... 105 102  97],5
1156,[149 145 142 ... 101  98  93],5
1157,[122 118 115 ... 128 125 120],5
1158,[128 124 121 ... 114 111 104],5
1159,[124 120 119 ... 131 126 122],5
1160,[137 133 130 ... 116 111 107],5
1161,[128 124 121 ... 115 112 107],5
1162,[123 119 116 ... 124 121 116],5
1163,[133 129 126 ... 106 103  98],5
1164,[135 131 128 ... 101  98  93],5
1165,[117 113 110 ... 124 119 115],5
1166,[127 124 119 ... 118 115 110],5
1167,[133 132 128 ... 114 111 104],5
1168,[135 132 127 ... 124 121 114],5
1169,[118 114 111 ... 125 122 117],5
1170,[126 123 118 ... 148 141 133],5
1171,[128 124 121 ... 120 117 110],5
1172,[138 135 128 ... 125 122 115],5
1173,[ 93  89  86 ... 114 109 105],5
1174,[122 117 114 ... 127 124 119],5
1175,[120 116 113 ... 137 134 129],5
1176,[136 133 128 ... 113 110 105],5
1177,[133 129 126 ... 111 108 101],5
1178,[133 129 126 ... 123 120 115],5
1179,[132 128 127 ... 131 126 122],5
1180,[134 131 126 ... 135 132 127],5
1181,[135 131 128 ... 137 132 126],5
1182,[134 130 127 ... 123 118 112],5
1183,[130 129 134 ...  94  94  96],5
1184,[117 117 119 ... 100 101 105],5
1185,[118 121 130 ... 108 109 111],5
1186,[130 130 132 ...  87  86  91],5
1187,[130 129 134 ...  84  84  82],5
1188,[119 119 121 ...  97  98 102],5
1189,[120 120 120 ...  97  96  94],5
1190,[121 122 127 ... 106 105 103],5
1191,[113 114 119 ...  94  95  99],5
1192,[115 118 127 ...  91  91  91],5
1193,[126 126 136 ...  94  95  97],5
1194,[114 114 116 ...  91  91  93],5
1195,[112 115 124 ...  78  79  74],5
1196,[126 129 138 ... 106 105 110],5
1197,[118 118 126 ... 101  99 102],5
1198,[116 116 118 ...  90  91  93],5
1199,[113 116 125 ...  94  94  96],5
1200,[129 130 134 ...  82  83  88],5
1201,[111 111 119 ... 101 101 101],5
1202,[129 128 134 ...  80  80  82],5
1203,[125 125 127 ... 104 105 109],5
1204,[118 119 124 ... 118 118 126],5
1205,[105 107 119 ...  96  97 101],5
1206,[108 108 116 ... 104 107 114],5
1207,[121 121 131 ... 103 104 106],5
1208,[121 122 127 ...  89  89  87],5
1209,[109 110 115 ... 129 128 124],5
1210,[111 109 110 ... 127 125 126],5
1211,[ 96  96 104 ... 127 126 122],5
1212,[107 107 117 ... 127 126 122],5
1213,[102 102 112 ... 136 133 128],5
1214,[110 111 116 ... 115 114 110],5
1215,[126 127 132 ... 107 105 106],5
1216,[101 104 113 ... 131 130 126],5
1217,[115 113 114 ... 127 126 132],5
1218,[115 115 123 ... 111 111 113],5
1219,[107 110 119 ... 128 127 123],5
1220,[ 96  97 102 ... 136 135 133],5
1221,[131 131 133 ... 112 111 109],5
1222,[130 125 122 ... 124 123 119],5
1223,[122 121 127 ... 140 137 132],5
1224,[126 126 126 ... 117 113 110],5
1225,[123 122 128 ... 132 129 124],5
1226,[118 114 113 ... 132 128 125],5
1227,[127 123 122 ... 137 133 132],5
1228,[129 125 122 ... 107 103 100],5
1229,[129 128 133 ... 124 119 115],5
1230,[130 129 134 ... 110 107 102],5
1231,[109 105 104 ... 137 136 134],5
1232,[141 140 146 ... 112 109 104],5
1233,[126 122 121 ... 127 126 124],5
1234,[127 127 129 ... 124 121 116],5
1235,[119 115 114 ... 130 126 125],5
1236,[137 133 132 ... 111 110 108],5
1237,[175 175 175 ... 139 134 128],6
1238,[179 177 178 ... 141 139 140],6
1239,[153 153 143 ... 157 157 159],6
1240,[168 166 153 ... 122 121 119],6
1241,[173 170 161 ... 168 166 167],6
1242,[171 170 165 ... 151 152 157],6
1243,[176 173 164 ... 152 153 158],6
1244,[176 174 159 ... 151 152 157],6
1245,[171 169 154 ... 147 145 150],6
1246,[167 167 157 ... 138 136 139],6
1247,[171 168 159 ... 143 142 147],6
1248,[180 180 168 ... 152 150 153],6
1249,[163 161 149 ... 143 146 151],6
1250,[181 181 181 ... 151 152 146],6
1251,[177 174 167 ... 159 158 163],6
1252,[164 165 169 ... 128 124 113],6
1253,[178 179 183 ... 149 148 144],6
1254,[181 181 183 ... 157 158 163],6
1255,[162 162 162 ... 138 141 148],6
1256,[164 165 167 ... 142 141 146],6
1257,[174 175 177 ... 162 161 167],6
1258,[134 134 136 ... 114 111 106],6
1259,[148 148 148 ... 104 103 101],6
1260,[156 154 155 ...  92  88  85],6
1261,[144 144 144 ... 101 100  98],6
1262,[146 144 147 ... 101 100  96],6
1263,[136 132 131 ...  99  99  99],6
1264,[141 141 143 ... 106 102  99],6
1265,[144 144 144 ...  98  94  91],6
1266,[128 127 125 ... 106 105 101],6
1267,[141 137 128 ... 121 117 116],6
1268,[136 134 135 ...  96  95  91],6
1269,[143 143 143 ...  86  85  81],6
1270,[127 125 126 ... 114 113 111],6
1271,[140 138 139 ... 101 100  98],6
1272,[143 138 135 ... 118 117 115],6
1273,[137 135 136 ... 114 113 111],6
1274,[143 139 136 ...  98  97  93],6
1275,[145 143 144 ... 105 104 100],6
1276,[139 138 136 ... 110 109 107],6
1277,[141 137 136 ... 105 103 104],6
1278,[141 137 136 ... 104 104 104],6
1279,[140 136 135 ... 111 110 108],6
1280,[130 129 134 ... 108 108 118],6
1281,[125 125 127 ... 111 111 121],6
1282,[140 142 154 ... 106 104 105],6
1283,[137 137 147 ...  97  96  94],6
1284,[131 131 133 ... 113 113 125],6
1285,[130 130 132 ... 110 113 122],6
1286,[132 134 146 ... 112 110 111],6
1287,[145 145 157 ...  99  99  99],6
1288,[126 124 127 ...  99 100 105],6
1289,[134 133 138 ... 111 111 119],6
1290,[151 150 164 ... 113 110 105],6
1291,[131 130 128 ... 112 113 118],6
1292,[148 148 156 ...  97  96  94],6
1293,[144 144 156 ... 123 119 118],6
1294,[131 128 123 ... 125 125 135],6
1295,[137 136 141 ... 102 103 107],6
1296,[131 131 139 ... 114 112 113],6
1297,[137 137 145 ... 111 109 110],6
1298,[124 122 123 ... 104 105 110],6
1299,[145 145 155 ... 117 116 114],6
1300,[125 123 126 ... 127 127 135],6
1301,[130 130 140 ... 105 104 102],6
1302,[121 119 122 ... 104 107 116],6
1303,[129 128 133 ... 124 124 132],6
1304,[128 128 130 ...  94  94 102],6
1305,[130 129 134 ...  89  90  94],6
1306,[129 128 133 ...  98  99 104],6
1307,[128 128 130 ...  91  92  97],6
1308,[131 133 145 ...  98  98  96],6
1309,[125 124 122 ...  94  95 100],6
1310,[140 139 144 ...  94  97 104],6
1311,[137 137 147 ...  84  84  82],6
1312,[122 122 124 ... 100 102 114],6
1313,[124 125 119 ...  98  99 104],6
1314,[130 128 129 ... 103 104 109],6
1315,[125 125 125 ...  92  93  98],6
1316,[136 134 145 ... 102 103 108],6
1317,[143 144 146 ...  93  94  98],6
1318,[123 123 125 ...  96  99 106],6
1319,[125 126 131 ...  91  92  94],6
1320,[136 136 148 ...  90  89  87],6
1321,[122 121 126 ... 107 108 113],6
1322,[134 134 136 ...  97  97  97],6
1323,[119 119 127 ...  99  99 101],6
1324,[121 121 123 ... 115 115 123],6
1325,[125 123 124 ...  98  97 102],6
1326,[142 142 154 ... 113 114 118],6
1327,[120 123 132 ... 102 102 104],6
1328,[107 109 121 ... 118 118 126],6
1329,[116 118 130 ...  95  95  97],6
1330,[128 124 123 ... 114 110 107],6
1331,[133 132 130 ... 112 108 105],6
1332,[139 135 134 ... 105 104 102],6
1333,[139 135 134 ... 106 102 101],6
1334,[138 134 133 ... 119 115 114],6
1335,[138 136 137 ... 112 108 105],6
1336,[130 129 127 ... 119 116 111],6
1337,[143 139 136 ...  98  94  91],6
1338,[145 144 142 ... 102  99  94],6
1339,[137 133 132 ... 107 106 104],6
1340,[141 140 138 ... 104 100  97],6
1341,[136 135 133 ... 109 105 102],6
1342,[136 132 131 ... 114 109 105],6
1343,[136 132 131 ... 117 113 112],6
1344,[145 142 137 ...  99  98  94],6
1345,[157 153 150 ...  92  91  89],6
1346,[134 130 127 ... 116 112 109],6
1347,[134 130 131 ... 120 116 113],6
1348,[140 136 135 ... 116 112 109],6
1349,[131 128 123 ... 109 105 102],6
1350,[127 124 117 ... 118 114 111],6
1351,[158 154 153 ...  97  94  89],6
1352,[147 143 142 ... 102  99  94],6
1353,[130 130 120 ... 118 114 111],6
1354,[135 131 130 ... 107 103 100],6
1355,[136 134 135 ... 109 105 102],6
1356,[131 130 128 ... 117 113 110],6
1357,[142 141 139 ... 123 120 115],6
1358,[132 131 129 ... 113 112 108],6
1359,[129 129 121 ... 133 125 122],6
1360,[129 125 122 ... 126 121 117],6
1361,[133 130 125 ... 126 123 118],6
1362,[139 135 132 ... 102 101  96],6
1363,[145 141 138 ... 102  99  94],6
1364,[119 114 111 ... 127 124 119],6
1365,[132 129 124 ... 113 110 105],6
1366,[129 125 122 ... 127 123 120],6
1367,[128 124 121 ... 117 113 110],6
1368,[121 118 113 ... 113 109 106],6
1369,[124 123 119 ... 126 123 118],6
1370,[131 128 123 ... 103 102  97],6
1371,[124 123 119 ... 113 110 105],6
1372,[118 114 111 ... 120 117 112],6
1373,[126 122 121 ... 102  99  94],6
1374,[125 121 118 ... 126 123 116],6
1375,[130 127 122 ... 122 119 112],6
1376,[129 125 124 ... 113 110 103],6
1377,[112 108 105 ... 152 145 137],6
1378,[127 123 120 ... 123 120 113],6
1379,[135 132 127 ... 123 120 113],6
1380,[120 115 111 ... 125 119 119],6
1381,[125 121 118 ... 121 118 113],6
1382,[122 118 117 ... 137 132 126],6
1383,[136 132 129 ... 108 105 100],6
1384,[130 126 123 ... 108 105 100],6
1385,[128 124 121 ... 119 116 111],6
1386,[130 126 123 ... 127 123 120],6
1387,[143 140 135 ... 120 117 110],6
1388,[126 122 119 ... 121 118 113],6
1389,[133 129 128 ... 120 115 109],6
1390,[131 129 130 ... 102 101 107],6
1391,[127 127 129 ...  92  93  97],6
1392,[118 118 126 ...  98  98 100],6
1393,[125 126 131 ...  86  86  88],6
1394,[126 125 130 ...  93  94  89],6
1395,[118 119 124 ...  98  97 102],6
1396,[113 112 117 ... 103 101 102],6
1397,[142 137 141 ... 103 103 105],6
1398,[120 119 124 ...  98  98 100],6
1399,[115 115 123 ...  94  94  96],6
1400,[124 124 132 ...  92  92  94],6
1401,[122 122 132 ...  92  90  91],6
1402,[111 110 116 ...  87  88  90],6
1403,[125 125 127 ...  99  98 103],6
1404,[116 115 120 ... 102 100 103],6
1405,[112 113 118 ...  92  92  94],6
1406,[117 118 123 ...  99 100 104],6
1407,[113 114 118 ...  94  95 100],6
1408,[109 108 113 ...  98  97 102],6
1409,[127 127 129 ...  92  91  96],6
1410,[125 125 133 ...  97  97  99],6
1411,[116 119 128 ... 112 112 114],6
1412,[102 103 108 ...  95  98 105],6
1413,[100 103 112 ... 104 105 110],6
1414,[115 114 120 ...  95  96  98],6
1415,[114 113 118 ... 103 104 109],6
1416,[106 102 101 ... 130 128 129],6
1417,[112 112 122 ... 125 124 120],6
1418,[102 101  99 ... 138 138 140],6
1419,[101 101 101 ... 137 136 141],6
1420,[113 113 125 ... 130 129 125],6
1421,[ 96  96  96 ... 129 129 131],6
1422,[119 115 114 ... 110 109 115],6
1423,[106 106 116 ... 139 136 131],6
1424,[111 111 113 ... 125 125 127],6
1425,[103 102 100 ... 109 110 112],6
1426,[109 109 117 ... 124 123 121],6
1427,[105 105 113 ... 134 133 131],6
1428,[135 134 139 ... 116 112 109],6
1429,[ 99  95  92 ... 130 126 123],6
1430,[123 122 128 ... 139 134 130],6
1431,[132 131 136 ... 118 115 110],6
1432,[118 114 111 ... 134 133 131],6
1433,[120 116 115 ... 138 134 131],6
1434,[126 125 123 ... 135 131 128],6
1435,[132 131 136 ... 110 107 102],6
1436,[126 121 118 ... 121 120 118],6
1437,[126 122 121 ... 117 116 114],6
1438,[112 110 111 ... 136 135 133],6
1439,[139 139 141 ... 116 112 109],6
1440,[133 129 128 ... 129 128 126],6
1441,[130 130 132 ... 126 122 119],6
1442,[127 125 130 ... 128 123 119],6
1443,[141 141 143 ... 109 105 102],6
1444,[159 159 161 ... 133 130 125],7
1445,[182 182 182 ... 141 135 135],7
1446,[181 179 180 ... 150 144 144],7
1447,[177 175 176 ... 131 128 121],7
1448,[176 174 175 ... 169 167 168],7
1449,[169 170 174 ... 143 144 149],7
1450,[168 169 171 ... 143 142 147],7
1451,[170 171 165 ... 138 136 139],7
1452,[173 174 168 ... 126 119 113],7
1453,[166 166 154 ... 136 134 139],7
1454,[169 169 157 ... 147 146 151],7
1455,[181 178 161 ... 153 152 157],7
1456,[140 139 135 ... 152 153 158],7
1457,[169 167 170 ... 149 152 161],7
1458,[173 169 160 ... 149 150 154],7
1459,[168 168 170 ... 111 108  99],7
1460,[182 182 184 ... 153 152 147],7
1461,[161 161 163 ... 141 142 147],7
1462,[174 175 179 ... 150 151 156],7
1463,[176 176 178 ... 154 153 158],7
1464,[175 175 177 ... 160 163 170],7
1465,[130 129 127 ... 113 112 110],7
1466,[143 142 140 ... 106 105 103],7
1467,[146 142 141 ...  90  89  87],7
1468,[147 147 149 ... 102  98  97],7
1469,[141 140 138 ...  97  96  92],7
1470,[136 132 131 ... 102 100 101],7
1471,[138 136 137 ... 109 105 104],7
1472,[141 139 140 ...  98  97  93],7
1473,[133 131 132 ... 103 102 100],7
1474,[136 136 136 ... 116 112 109],7
1475,[141 141 143 ...  96  92  89],7
1476,[143 139 136 ...  93  92  90],7
1477,[132 128 127 ... 117 116 114],7
1478,[143 139 136 ... 103 102 100],7
1479,[139 135 134 ... 107 106 104],7
1480,[129 125 124 ... 115 114 112],7
1481,[146 142 139 ...  98  97  95],7
1482,[145 145 147 ... 101  97  94],7
1483,[137 135 136 ... 111 110 106],7
1484,[146 142 141 ... 105 103 104],7
1485,[137 135 136 ... 105 103 104],7
1486,[139 137 138 ... 109 108 106],7
1487,[129 128 134 ... 100 100 108],7
1488,[129 129 139 ... 110 109 114],7
1489,[136 135 140 ... 103 103 111],7
1490,[126 125 130 ... 107 107 117],7
1491,[140 140 150 ... 108 106 107],7
1492,[130 129 134 ... 103 106 115],7
1493,[133 132 146 ... 113 111 114],7
1494,[143 143 155 ...  99  98  96],7
1495,[125 124 129 ... 103 104 109],7
1496,[140 139 145 ... 115 116 120],7
1497,[139 139 141 ... 123 122 128],7
1498,[137 137 149 ... 114 114 116],7
1499,[135 133 134 ... 102 101 106],7
1500,[125 123 124 ... 122 121 129],7
1501,[130 130 142 ... 118 117 115],7
1502,[143 143 151 ... 100 101  96],7
1503,[133 132 138 ... 113 113 115],7
1504,[133 133 135 ... 114 114 116],7
1505,[124 122 125 ... 105 104 109],7
1506,[137 135 136 ... 122 122 130],7
1507,[133 132 146 ... 128 127 125],7
1508,[122 120 121 ... 110 111 116],7
1509,[122 120 121 ... 107 107 117],7
1510,[125 125 133 ... 116 115 120],7
1511,[129 130 135 ...  95  95  97],7
1512,[131 134 149 ...  93  93  93],7
1513,[123 121 122 ... 100 101 106],7
1514,[126 126 126 ...  90  91  96],7
1515,[123 123 131 ...  97  98 102],7
1516,[124 124 134 ...  94  94  92],7
1517,[138 139 143 ...  95  96 100],7
1518,[131 132 137 ...  87  88  92],7
1519,[128 129 134 ...  95  96 100],7
1520,[ 85  85  77 ... 105 106 111],7
1521,[127 127 127 ... 110 110 118],7
1522,[131 130 138 ...  85  85  83],7
1523,[138 138 148 ... 102 103 105],7
1524,[138 136 137 ... 104 105 110],7
1525,[130 133 142 ...  93  93  91],7
1526,[130 129 135 ...  91  92  97],7
1527,[136 136 148 ...  89  89  89],7
1528,[123 124 129 ... 106 107 112],7
1529,[134 135 137 ...  98  98  96],7
1530,[126 126 134 ...  95  95  97],7
1531,[116 117 121 ... 113 114 109],7
1532,[123 123 131 ...  91  91  93],7
1533,[125 125 135 ...  97  98 102],7
1534,[123 126 141 ...  99  97  98],7
1535,[121 123 136 ...  77  78  82],7
1536,[121 121 123 ...  81  84  93],7
1537,[133 129 128 ... 108 107 103],7
1538,[131 127 126 ... 107 103 102],7
1539,[133 132 130 ... 101 100  96],7
1540,[133 129 128 ... 112 108 107],7
1541,[102 101  99 ... 255 246 194],7
1542,[135 133 134 ... 110 106 103],7
1543,[130 129 124 ... 117 114 109],7
1544,[132 128 125 ...  94  93  89],7
1545,[140 139 137 ...  98  94  91],7
1546,[135 131 130 ... 100  99  97],7
1547,[145 144 142 ...  99  96  91],7
1548,[132 128 125 ... 106 105 103],7
1549,[141 137 134 ... 108 107 103],7
1550,[135 133 134 ... 116 112 111],7
1551,[140 136 135 ... 113 110 105],7
1552,[152 150 151 ...  89  88  84],7
1553,[131 127 126 ... 117 113 110],7
1554,[128 124 121 ... 120 116 113],7
1555,[132 128 127 ... 113 109 108],7
1556,[134 132 133 ... 108 105 100],7
1557,[126 126 118 ... 115 111 108],7
1558,[153 149 146 ...  96  92  89],7
1559,[142 140 141 ...  99  95  92],7
1560,[130 129 125 ... 115 111 108],7
1561,[133 132 130 ... 106 103  98],7
1562,[136 134 135 ... 105 101  98],7
1563,[129 125 122 ... 110 106 105],7
1564,[137 136 134 ... 123 120 115],7
1565,[140 136 133 ... 109 101  98],7
1566,[130 126 123 ... 124 121 116],7
1567,[126 125 121 ... 122 119 112],7
1568,[140 136 133 ... 104 101  96],7
1569,[141 137 134 ... 104 101  96],7
1570,[119 115 114 ... 128 125 120],7
1571,[132 131 127 ... 112 109 102],7
1572,[125 121 118 ... 125 121 118],7
1573,[138 134 131 ... 115 111 108],7
1574,[122 117 114 ... 113 109 106],7
1575,[127 123 120 ... 119 116 111],7
1576,[128 127 123 ... 101 100  95],7
1577,[123 119 116 ... 113 110 105],7
1578,[116 112 109 ... 121 118 113],7
1579,[127 124 119 ... 102  99  94],7
1580,[125 124 120 ... 123 120 113],7
1581,[130 127 122 ... 116 113 106],7
1582,[134 130 127 ... 117 114 109],7
1583,[ 90  86  83 ... 110 105  99],7
1584,[129 124 121 ... 123 120 113],7
1585,[131 127 124 ... 124 121 114],7
1586,[120 116 113 ... 145 139 139],7
1587,[123 119 116 ... 121 118 113],7
1588,[125 121 118 ... 139 134 130],7
1589,[137 133 130 ... 109 105 102],7
1590,[125 121 118 ... 110 107 102],7
1591,[130 126 123 ... 119 116 111],7
1592,[132 128 127 ... 124 120 117],7
1593,[136 133 128 ... 123 120 115],7
1594,[126 122 119 ... 125 120 114],7
1595,[133 129 126 ... 119 116 109],7
1596,[125 126 130 ...  94  94  94],7
1597,[118 117 122 ...  93  94  98],7
1598,[114 114 122 ...  98  98  98],7
1599,[117 117 125 ...  89  89  91],7
1600,[126 126 126 ...  93  93  91],7
1601,[124 125 130 ...  97  96 101],7
1602,[110 111 116 ...  97  96  94],7
1603,[131 130 135 ...  93  92  90],7
1604,[112 112 120 ...  90  90  92],7
1605,[110 110 112 ...  87  88  92],7
1606,[119 118 123 ...  96  97 101],7
1607,[119 119 127 ...  87  85  86],7
1608,[111 111 119 ...  89  89  89],7
1609,[125 125 133 ...  99  99 101],7
1610,[120 121 126 ... 102 100 103],7
1611,[107 107 115 ...  91  91  91],7
1612,[110 109 114 ...  95  96 101],7
1613,[116 117 122 ...  84  85  90],7
1614,[106 106 114 ...  97  96 101],7
1615,[125 126 131 ...  83  83  85],7
1616,[120 120 128 ...  98  99 104],7
1617,[118 118 130 ... 109 109 109],7
1618,[103 104 109 ...  95  95 103],7
1619,[113 115 128 ... 109 109 111],7
1620,[113 113 115 ...  94  95  99],7
1621,[113 113 121 ... 100 100 102],7
1622,[110 109 115 ... 127 123 122],7
1623,[110 110 118 ... 129 125 122],7
1624,[103 103 113 ... 109 108 104],7
1625,[ 93  93  93 ... 135 133 134],7
1626,[108 104 103 ... 131 130 135],7
1627,[ 99  98  96 ... 133 133 135],7
1628,[125 124 129 ...  99  99  99],7
1629,[108 108 110 ... 124 123 128],7
1630,[110 106 103 ... 133 132 138],7
1631,[ 98  98  98 ... 114 114 116],7
1632,[108 109 114 ... 130 130 132],7
1633,[108 108 108 ... 141 140 145],7
1634,[131 129 130 ... 123 119 116],7
1635,[110 107 100 ... 125 124 120],7
1636,[114 112 115 ... 141 137 134],7
1637,[130 126 126 ... 116 116 117],7
1638,[118 114 111 ... 123 122 120],7
1639,[122 121 127 ... 133 130 125],7
1640,[123 119 118 ... 137 133 132],7
1641,[128 127 132 ... 117 112 108],7
1642,[127 127 125 ... 124 121 116],7
1643,[120 118 121 ... 123 121 118],7
1644,[119 118 124 ... 118 115 110],7
1645,[132 131 129 ... 116 114 115],7
1646,[131 130 136 ... 127 124 119],7
1647,[124 123 125 ... 130 127 123],7
1648,[125 125 127 ... 127 124 119],7
1649,[130 128 129 ... 104 103 101],7
1650,[172 171 169 ... 141 141 133],8
1651,[181 181 181 ... 138 130 127],8
1652,[182 182 182 ... 142 137 134],8
1653,[179 179 179 ... 138 137 135],8
1654,[168 165 148 ... 147 146 152],8
1655,[157 158 144 ... 130 129 134],8
1656,[165 166 158 ... 145 148 157],8
1657,[171 169 156 ... 150 153 160],8
1658,[166 167 153 ... 136 134 139],8
1659,[176 174 162 ... 151 150 145],8
1660,[172 172 162 ... 146 144 149],8
1661,[166 168 157 ... 142 141 147],8
1662,[168 168 158 ... 143 140 147],8
1663,[172 171 153 ... 152 153 157],8
1664,[164 164 164 ... 144 143 149],8
1665,[173 170 155 ... 148 146 151],8
1666,[172 172 174 ...  81  78  71],8
1667,[165 165 167 ... 132 132 130],8
1668,[131 133 130 ... 153 152 157],8
1669,[160 160 162 ... 133 136 141],8
1670,[168 169 171 ... 145 144 149],8
1671,[155 155 155 ... 137 136 142],8
1672,[133 131 132 ... 114 113 109],8
1673,[143 139 138 ... 108 107 105],8
1674,[140 140 142 ... 100  99  95],8
1675,[143 141 142 ... 104 103 101],8
1676,[139 135 132 ...  97  96  92],8
1677,[136 136 136 ...  94  93  91],8
1678,[142 138 135 ... 104 100  99],8
1679,[147 143 142 ...  99  98  94],8
1680,[157 157 159 ...  81  78  73],8
1681,[134 130 127 ... 117 113 112],8
1682,[144 140 139 ...  95  91  88],8
1683,[149 147 148 ...  88  87  83],8
1684,[132 132 134 ... 108 107 103],8
1685,[138 137 135 ... 100  99  97],8
1686,[135 131 128 ... 106 105 103],8
1687,[130 126 125 ... 118 117 115],8
1688,[147 146 151 ... 100  97  92],8
1689,[149 149 151 ... 102  98  95],8
1690,[140 136 133 ... 111 110 108],8
1691,[147 145 148 ... 104 103 101],8
1692,[134 134 136 ... 102 101  99],8
1693,[145 143 144 ... 104 103 101],8
1694,[134 134 142 ... 100 100 102],8
1695,[127 127 129 ... 114 114 126],8
1696,[143 143 153 ... 102 102 102],8
1697,[127 125 128 ... 110 110 120],8
1698,[139 137 140 ... 113 113 123],8
1699,[143 143 153 ... 103 102 100],8
1700,[134 133 139 ... 115 114 120],8
1701,[140 139 147 ... 104 104 106],8
1702,[134 134 144 ... 102 101  99],8
1703,[134 133 138 ... 108 112 115],8
1704,[143 142 148 ... 120 120 122],8
1705,[127 127 129 ... 118 118 126],8
1706,[134 134 134 ... 106 105 111],8
1707,[124 122 123 ... 120 119 124],8
1708,[135 134 140 ... 111 110 115],8
1709,[137 137 139 ... 112 112 114],8
1710,[131 130 135 ... 112 111 116],8
1711,[128 128 136 ... 106 105 103],8
1712,[123 123 131 ... 105 105 105],8
1713,[140 139 145 ... 116 116 118],8
1714,[128 127 132 ... 129 128 133],8
1715,[126 124 125 ... 110 109 114],8
1716,[125 123 126 ... 112 112 120],8
1717,[125 124 132 ... 123 122 128],8
1718,[128 127 132 ...  94  95 100],8
1719,[140 140 152 ...  94  94  94],8
1720,[122 123 128 ...  94  94  94],8
1721,[136 135 140 ...  94  95 100],8
1722,[136 136 146 ... 101 101 101],8
1723,[122 122 122 ...  96  97 102],8
1724,[138 138 146 ...  95  95  97],8
1725,[128 128 136 ...  93  93  91],8
1726,[118 118 126 ...  94  93  98],8
1727,[130 129 124 ... 105 106 111],8
1728,[138 138 148 ... 101 100  96],8
1729,[132 132 140 ...  86  86  84],8
1730,[134 136 148 ...  96  96  94],8
1731,[138 138 140 ...  96  97 101],8
1732,[136 136 146 ... 101 100  98],8
1733,[120 120 122 ...  96  97 102],8
1734,[138 137 151 ...  92  92  92],8
1735,[124 124 132 ... 105 106 110],8
1736,[133 134 138 ... 102 102 100],8
1737,[126 125 130 ...  96  97 102],8
1738,[116 118 130 ... 101 101  99],8
1739,[123 126 135 ...  88  87  83],8
1740,[132 132 144 ... 111 111 113],8
1741,[117 120 129 ...  99  99  99],8
1742,[123 122 127 ...  80  83  92],8
1743,[112 112 114 ...  97  97 105],8
1744,[135 131 130 ... 119 115 114],8
1745,[134 132 133 ... 104 100  97],8
1746,[137 136 134 ... 103 100  95],8
1747,[136 135 133 ... 106 103  98],8
1748,[ 87  85  86 ... 255 255 201],8
1749,[136 132 129 ... 105 104 102],8
1750,[135 132 127 ... 119 115 112],8
1751,[138 134 131 ...  98  94  91],8
1752,[138 134 131 ...  97  96  92],8
1753,[137 135 136 ... 104 100  97],8
1754,[137 136 134 ...  98  95  90],8
1755,[146 143 138 ... 100  99  95],8
1756,[140 136 133 ... 112 108 105],8
1757,[132 128 127 ... 114 110 109],8
1758,[141 137 134 ... 108 107 103],8
1759,[143 139 136 ...  92  91  89],8
1760,[139 135 134 ... 113 109 108],8
1761,[131 130 125 ... 118 114 111],8
1762,[134 130 127 ... 115 111 108],8
1763,[136 132 129 ... 106 102  99],8
1764,[127 124 119 ... 111 110 108],8
1765,[153 149 148 ...  95  92  87],8
1766,[147 143 140 ... 108 104 103],8
1767,[124 121 114 ... 116 112 109],8
1768,[135 131 128 ... 110 106 103],8
1769,[134 130 129 ... 104 100  99],8
1770,[137 136 134 ... 108 105 100],8
1771,[134 133 131 ... 113 110 105],8
1772,[138 134 131 ... 109 105 102],8
1773,[139 135 134 ... 119 110 103],8
1774,[128 125 118 ... 116 113 108],8
1775,[128 124 121 ... 127 123 120],8
1776,[138 134 131 ... 105 102  97],8
1777,[134 130 129 ... 112 109 104],8
1778,[125 121 118 ... 123 120 113],8
1779,[128 124 121 ... 119 116 111],8
1780,[126 122 121 ... 124 119 115],8
1781,[106 103  98 ... 108 104 101],8
1782,[124 120 117 ... 115 111 110],8
1783,[124 120 117 ... 119 115 112],8
1784,[134 131 126 ... 107 104  99],8
1785,[126 122 119 ... 112 109 104],8
1786,[122 118 117 ... 120 115 109],8
1787,[133 130 125 ... 111 108 103],8
1788,[130 126 123 ... 121 118 111],8
1789,[132 129 124 ... 118 115 108],8
1790,[127 123 122 ... 118 115 108],8
1791,[ 97  93  90 ... 119 114 108],8
1792,[128 124 121 ... 126 123 118],8
1793,[133 130 125 ... 120 117 112],8
1794,[129 125 122 ... 126 121 118],8
1795,[129 125 122 ... 125 122 117],8
1796,[124 120 117 ... 136 133 128],8
1797,[142 138 135 ... 107 104  99],8
1798,[130 128 129 ... 114 111 104],8
1799,[138 134 131 ... 115 112 107],8
1800,[136 132 129 ... 124 121 116],8
1801,[138 135 130 ... 121 118 113],8
1802,[133 130 125 ... 126 123 118],8
1803,[136 132 129 ... 120 117 110],8
1804,[118 119 123 ...  88  89  93],8
1805,[120 120 122 ...  92  93  97],8
1806,[132 132 134 ... 106 106 106],8
1807,[119 119 127 ...  90  90  90],8
1808,[128 127 133 ...  85  86  81],8
1809,[119 118 123 ...  96  95 100],8
1810,[113 113 121 ...  95  94  92],8
1811,[126 126 126 ... 105 103 104],8
1812,[109 109 111 ...  87  87  89],8
1813,[117 118 123 ...  84  85  87],8
1814,[110 110 110 ...  89  88  93],8
1815,[115 114 119 ...  90  90  92],8
1816,[113 113 121 ...  85  85  85],8
1817,[120 123 132 ... 104 104 106],8
1818,[114 115 120 ... 100  99 104],8
1819,[115 115 117 ...  86  86  88],8
1820,[110 109 114 ...  93  94  99],8
1821,[109 110 112 ...  89  90  95],8
1822,[106 109 118 ...  96  96  96],8
1823,[132 133 138 ...  87  87  87],8
1824,[122 122 124 ... 103 104 109],8
1825,[117 117 125 ... 112 113 118],8
1826,[105 107 119 ...  92  91  96],8
1827,[108 108 118 ... 108 109 113],8
1828,[116 116 124 ...  92  92  92],8
1829,[118 118 126 ...  99  98 103],8
1830,[104 103 108 ... 128 127 125],8
1831,[103 103 111 ... 125 124 122],8
1832,[110 109 114 ... 122 121 119],8
1833,[ 92  89  84 ... 140 138 141],8
1834,[111 110 118 ... 129 127 128],8
1835,[103  99  98 ... 132 132 134],8
1836,[120 118 119 ...  96  95 100],8
1837,[120 120 132 ... 132 129 124],8
1838,[111 112 117 ... 129 128 133],8
1839,[109 105 104 ... 110 110 110],8
1840,[106 102 101 ... 136 135 140],8
1841,[113 116 125 ... 134 133 131],8
1842,[127 126 131 ... 115 112 107],8
1843,[119 114 111 ... 126 122 119],8
1844,[125 124 130 ... 138 135 130],8
1845,[136 135 140 ... 117 114 107],8
1846,[116 111 108 ... 123 122 120],8
1847,[122 122 124 ... 136 132 129],8
1848,[127 125 130 ... 136 132 129],8
1849,[125 120 117 ... 112 109 104],8
1850,[125 120 117 ... 124 123 121],8
1851,[136 134 137 ... 114 113 111],8
1852,[116 114 115 ... 126 123 116],8
1853,[142 137 133 ... 123 121 122],8
1854,[128 122 122 ... 126 125 123],8
1855,[126 122 121 ... 125 124 122],8
1856,[127 123 122 ... 128 124 121],8
1857,[137 133 130 ... 107 107 107],8
1858,[173 171 156 ... 140 138 139],9
1859,[183 183 183 ... 134 126 123],9
1860,[183 183 183 ... 146 140 140],9
1861,[176 176 176 ... 128 125 120],9
1862,[169 170 172 ... 133 132 137],9
1863,[173 174 169 ... 149 150 155],9
1864,[176 175 170 ... 150 151 156],9
1865,[176 178 165 ... 157 160 169],9
1866,[170 171 166 ... 136 134 135],9
1867,[172 172 162 ... 145 144 150],9
1868,[172 172 162 ... 148 151 158],9
1869,[173 171 159 ... 141 142 147],9
1870,[175 179 182 ... 147 146 151],9
1871,[170 173 166 ... 141 136 140],9
1872,[159 159 147 ... 138 137 143],9
1873,[162 162 164 ... 135 132 125],9
1874,[177 178 180 ... 155 156 161],9
1875,[196 197 201 ... 155 156 161],9
1876,[175 176 178 ... 150 151 156],9
1877,[176 177 179 ... 159 160 165],9
1878,[169 170 172 ... 152 151 157],9
1879,[136 132 131 ... 112 111 107],9
1880,[148 147 143 ... 100  99  97],9
1881,[142 138 137 ...  99  98  94],9
1882,[142 138 137 ... 105 103 104],9
1883,[141 139 140 ...  97  93  90],9
1884,[146 142 141 ...  97  95  96],9
1885,[143 143 145 ... 100  96  93],9
1886,[136 132 129 ... 107 106 102],9
1887,[143 143 145 ...  96  95  91],9
1888,[145 145 137 ... 111 107 104],9
1889,[142 140 141 ...  99  95  92],9
1890,[150 146 145 ...  81  80  75],9
1891,[135 131 130 ... 109 108 106],9
1892,[137 133 132 ... 112 111 109],9
1893,[137 135 136 ... 108 107 103],9
1894,[135 133 134 ... 110 109 107],9
1895,[146 146 148 ...  97  96  92],9
1896,[146 146 148 ... 104 103  99],9
1897,[137 133 132 ...  99  98  96],9
1898,[146 145 150 ... 105 101  98],9
1899,[140 140 140 ... 101 100  98],9
1900,[141 139 140 ... 109 105 104],9
1901,[134 134 144 ...  98  98 100],9
1902,[129 129 139 ... 112 110 113],9
1903,[147 148 153 ... 109 109 111],9
1904,[126 126 128 ... 110 110 118],9
1905,[132 132 140 ... 104 104 106],9
1906,[136 136 148 ...  96  96  96],9
1907,[127 126 131 ... 112 111 116],9
1908,[139 138 146 ... 106 105 111],9
1909,[130 128 129 ... 101 102 107],9
1910,[136 134 139 ... 108 111 116],9
1911,[140 138 139 ... 124 123 129],9
1912,[144 144 154 ... 126 124 125],9
1913,[141 140 148 ... 113 113 113],9
1914,[143 143 151 ... 121 120 115],9
1915,[138 134 135 ... 114 115 120],9
1916,[135 133 134 ... 121 120 125],9
1917,[134 132 133 ... 117 116 122],9
1918,[134 134 142 ... 109 108 104],9
1919,[123 124 129 ... 102 102 102],9
1920,[140 139 144 ... 124 123 128],9
1921,[133 133 143 ... 129 127 128],9
1922,[129 127 128 ... 111 110 115],9
1923,[124 122 125 ... 109 109 117],9
1924,[122 122 130 ... 119 118 123],9
1925,[127 127 129 ...  91  91  99],9
1926,[126 126 128 ...  83  86  93],9
1927,[127 126 131 ... 100 101 105],9
1928,[130 130 130 ...  92  93  98],9
1929,[132 131 136 ... 107 108 113],9
1930,[117 117 119 ...  95  98 103],9
1931,[134 135 140 ...  93  93  95],9
1932,[127 127 127 ...  94  95  99],9
1933,[139 139 149 ...  98  97 103],9
1934,[141 142 147 ... 104 104 106],9
1935,[133 133 141 ... 102 102 104],9
1936,[125 125 127 ... 102 105 112],9
1937,[132 132 132 ...  97  98 103],9
1938,[133 133 135 ... 106 107 109],9
1939,[130 129 134 ...  93  94  99],9
1940,[140 139 144 ...  86  87  92],9
1941,[121 121 129 ... 111 111 113],9
1942,[141 142 146 ... 107 107 105],9
1943,[121 122 127 ...  92  93  95],9
1944,[113 113 125 ... 110 110 108],9
1945,[120 120 128 ...  98  96  97],9
1946,[131 130 138 ... 118 118 128],9
1947,[125 129 141 ...  99  98  96],9
1948,[115 117 130 ...  74  75  77],9
1949,[122 122 124 ...  91  92  97],9
1950,[133 129 126 ... 105 101 100],9
1951,[127 125 126 ... 110 107 102],9
1952,[142 141 139 ...  95  92  87],9
1953,[112 111 109 ... 255 255 204],9
1954,[131 129 130 ... 115 111 108],9
1955,[132 129 122 ... 120 116 113],9
1956,[152 148 145 ...  97  94  89],9
1957,[143 139 136 ...  93  92  88],9
1958,[129 125 124 ... 106 105 103],9
1959,[145 141 138 ... 100  99  97],9
1960,[151 150 148 ...  97  94  87],9
1961,[139 135 132 ... 110 107 102],9
1962,[131 127 124 ... 114 110 107],9
1963,[147 143 142 ... 108 105 100],9
1964,[155 151 148 ...  94  93  91],9
1965,[135 131 130 ... 112 111 109],9
1966,[136 133 126 ... 110 106 103],9
1967,[151 147 146 ... 109 106 101],9
1968,[136 132 129 ... 116 112 109],9
1969,[131 127 124 ... 113 109 108],9
1970,[149 146 141 ...  96  93  88],9
1971,[136 132 131 ... 105 101  98],9
1972,[129 127 115 ... 113 109 106],9
1973,[130 128 129 ... 110 107 102],9
1974,[137 133 130 ... 101 100  98],9
1975,[142 138 135 ... 107 106 102],9
1976,[139 135 134 ... 115 111 108],9
1977,[138 134 133 ... 103 100  95],9
1978,[140 139 137 ... 121 110 106],9
1979,[131 127 124 ... 121 118 111],9
1980,[133 129 126 ... 122 119 114],9
1981,[147 143 140 ...  99  96  91],9
1982,[130 126 123 ... 113 110 105],9
1983,[124 120 117 ... 124 121 116],9
1984,[127 123 120 ... 120 117 112],9
1985,[127 123 120 ... 126 122 119],9
1986,[125 122 115 ... 115 111 108],9
1987,[125 121 118 ... 120 116 113],9
1988,[131 127 124 ... 116 113 108],9
1989,[129 126 121 ... 102 101  96],9
1990,[124 120 117 ... 108 105 100],9
1991,[127 123 120 ... 121 116 110],9
1992,[129 126 121 ... 118 113 109],9
1993,[130 126 123 ... 120 117 112],9
1994,[135 132 127 ... 122 119 112],9
1995,[129 125 122 ... 118 113 107],9
1996,[ 86  82  79 ... 114 109 103],9
1997,[129 125 122 ... 124 121 114],9
1998,[132 129 124 ... 118 117 112],9
1999,[135 131 128 ... 131 126 123],9
2000,[124 120 117 ... 126 123 118],9
2001,[125 121 118 ... 134 129 125],9
2002,[142 138 135 ... 107 104  99],9
2003,[138 134 131 ... 118 115 110],9
2004,[134 130 127 ... 126 123 116],9
2005,[132 128 125 ... 122 118 115],9
2006,[136 133 128 ... 123 120 115],9
2007,[129 126 121 ... 122 119 114],9
2008,[137 133 130 ... 122 117 111],9
2009,[120 120 120 ...  89  90  95],9
2010,[126 127 132 ...  94  94  94],9
2011,[126 128 140 ...  97  97  95],9
2012,[122 123 128 ...  81  81  83],9
2013,[127 128 133 ...  89  90  85],9
2014,[123 123 131 ...  94  94  96],9
2015,[112 112 120 ...  92  91  89],9
2016,[120 118 119 ... 100 100 100],9
2017,[110 110 118 ...  97  97  97],9
2018,[117 117 119 ...  85  86  90],9
2019,[117 117 125 ...  92  92  94],9
2020,[117 117 119 ...  81  80  78],9
2021,[113 114 119 ...  82  82  84],9
2022,[122 123 128 ... 109 108 113],9
2023,[108 108 108 ...  99  98 103],9
2024,[114 115 120 ...  81  82  84],9
2025,[112 113 118 ...  91  92  96],9
2026,[116 115 120 ...  93  94  99],9
2027,[110 113 120 ...  94  94  96],9
2028,[128 128 128 ...  90  90  92],9
2029,[117 118 123 ...  98  99 104],9
2030,[116 119 128 ... 112 112 114],9
2031,[105 106 110 ...  95  96 101],9
2032,[109 111 123 ... 106 106 108],9
2033,[110 109 114 ... 100 100 102],9
2034,[120 121 126 ... 101 101 103],9
2035,[113 109 106 ... 131 129 130],9
2036,[108 106 107 ... 138 138 140],9
2037,[ 99  95  94 ... 114 112 113],9
2038,[106 107 111 ... 133 132 128],9
2039,[102  98  97 ... 128 127 132],9
2040,[102 102 110 ... 130 129 125],9
2041,[118 117 113 ... 100  99 104],9
2042,[113 109 108 ... 132 131 137],9
2043,[112 113 118 ... 122 121 126],9
2044,[104 104 114 ... 115 114 110],9
2045,[106 105 103 ... 132 131 136],9
2046,[107 107 115 ... 136 135 131],9
2047,[133 131 132 ... 117 116 114],9
2048,[115 111 112 ... 112 111 106],9
2049,[114 113 119 ... 146 141 137],9
2050,[129 127 128 ... 123 122 118],9
2051,[117 115 116 ... 125 124 122],9
2052,[125 124 129 ... 134 131 126],9
2053,[127 126 131 ... 130 127 122],9
2054,[126 126 128 ... 108 105 100],9
2055,[124 123 128 ... 119 116 111],9
2056,[136 136 138 ... 113 109 106],9
2057,[114 113 118 ... 139 135 132],9
2058,[131 129 130 ... 114 112 113],9
2059,[146 145 150 ... 135 130 126],9
2060,[130 126 123 ... 125 124 122],9
2061,[125 124 129 ... 128 125 120],9
